date_issued,date_valid,source,kp_raw,g_category,flare_class_raw,flare_category,flare_probability_pct,proton_raw,proton_expected,proton_probability_pct,notes
2026-07-30,2026-07-31,NOAA,4.33,Active,R1-R2:25% R3+:1%,C,25,S1+:1%,False,1,"flare_category derived from R-scale (radio blackout) as proxy, not a direct per-class flare probability product"
2026-07-30,2026-07-31,SIDC,,Active,,,,Quiet,False,,scraped from sidc.be forecast box; verify against sidc.be/robots.txt and terms of use before scheduling frequent automated runs
2026-07-30,2026-07-31,MetOffice,,Active,Chance of isolated Moderate-class flares.,,,"Solar Activity:
 Low activity is likely, but with a chance of rising to Moderate due to isolated Moderate-class flares.



Solar Wind / Geomagnetic Activity: 
Two weak, slow, and faint CMEs may deliver glancing impacts early on Day 1 (30 July), and again late Day 2 (31 July). However, both CMEs are considered more likely to mostly miss Earth. Otherwise, Background slow winds conditions are expected to largely prevail, with only a slight enhancement possible from any fast wind of the southern coronal hole, which is expected to pass mostly south of Earth. Quiet activity is generally expected, with isolated Unsettled spells, but also a chance of Active intervals from any CME glance or fast wind enhancement.



Energetic Particles / Solar Radiation: 
The count rate of energetic particles (high energy protons) is most likely to remain at background&nbsp;with no Solar Radiation storms occurring.",False,,"prose-parsed; headline covers ~Day 1, summary spans Days 1-4 so this is an approximation — check combined field manually if a score looks off, and expect this parser to need occasional regex updates if Met Office changes their wording"
2026-07-30,2026-07-31,GFZ,,,,,,,,,"GFZ does not forecast flares/protons; Kp forecast is chart-image-only on the public site (no public numeric feed), see https://spaceweather.gfz.de/fileadmin/SW-Monitor/kp_swift_ensemble_LAST.png — read the median/quantile values off the chart and fill in kp_raw manually if you want GFZ included in Kp scoring"
2026-07-31,2026-08-01,NOAA,4.0,Active,R1-R2:30% R3+:1%,C,30,S1+:5%,False,5,"flare_category derived from R-scale (radio blackout) as proxy, not a direct per-class flare probability product"
2026-07-31,2026-08-01,SIDC,,Quiet,,,,Event in progress,,,scraped from sidc.be forecast box; verify against sidc.be/robots.txt and terms of use before scheduling frequent automated runs
2026-07-31,2026-08-01,MetOffice,,G2,Chance of isolated Moderate-class flares. Likelihood of G1-G2/Minor-Moderate geomagnetic storms early day 3 (02 Aug) from 30 Jul Coronal Mass Ejection.,,,"Solar Activity:
 Low activity is likely, but with a chance of rising to Moderate due to isolated Moderate-class flares.&nbsp;



Solar Wind / Geomagnetic Activity: 
A weak CME may deliver glancing impacts late day 1 (31 Jul). The 30 Jul CME resulting from the Moderate flare and filament eruption from the region in the northwest has been modelled, with an estimated arrival time early on day 3 (02 Aug). Outside of any CME arrivals Background slow winds conditions are expected to largely prevail, with only a slight enhancement possible from any fast winds, the bulk of which is expected to pass mostly south of Earth.


Quiet activity is generally expected with isolated Unsettled spells, with a chance of Active intervals from any CME glance or fast wind enhancement until late day 2 or early day 3 (01-02 Aug), when there is a potential for G1-G2/Minor-Moderate geomagnetic storms from the 30 Jul CME arrival.



Energetic Particles / Solar Radiation: 
The count rate of energetic particles (high energy protons) is now below S1/Minor radiation storm levels and is expected to continue gradually declining through days 1 and 2 (31 Jul to 01 Aug), returning to Background levels later in the period.",False,,"prose-parsed; headline covers ~Day 1, summary spans Days 1-4 so this is an approximation — check combined field manually if a score looks off, and expect this parser to need occasional regex updates if Met Office changes their wording"
2026-07-31,2026-08-01,GFZ,,,,,,,,,"GFZ does not forecast flares/protons; Kp forecast is chart-image-only on the public site (no public numeric feed), see https://spaceweather.gfz.de/fileadmin/SW-Monitor/kp_swift_ensemble_LAST.png — read the median/quantile values off the chart and fill in kp_raw manually if you want GFZ included in Kp scoring"
2026-08-01,2026-08-02,NOAA,5.67,G1,R1-R2:35% R3+:5%,C,35,S1+:25%,False,25,"flare_category derived from R-scale (radio blackout) as proxy, not a direct per-class flare probability product"
2026-08-01,2026-08-02,sidc,,,,,,,,,FETCH FAILED: <urlopen error [Errno 104] Connection reset by peer>
2026-08-01,2026-08-02,MetOffice,,G3,Chance of isolated Moderate-class flares. Likelihood of G1-G2/Minor-Moderate geomagnetic storms early Day 2 (02 Aug). Chance of S1/Minor Radiation Storm Day 1 (01 Aug).,,,"Solar Activity:
 Low to Moderate solar activity is expected to continue, with a chance of isolated Moderate-class flares.&nbsp;



Solar Wind / Geomagnetic Activity: 
A CME which left the Sun on 30 Jul is likely to reach Earth late on Day 1 or early on Day 2 (01-02 Aug). The impact at Earth is most likely to be from the edge of the CME, but there is a slight risk of seeing some of the main bulk of the material at Earth. Earth currently appears to be experiencing some very weak CME influence, likely from the CME which left the Sun on 27 July. Otherwise, there is also the possibility of a weak connection to coronal hole fast winds on Day 1.&nbsp;


Quiet to Unsettled geomagnetic activity at first, with a chance of Active intervals from weak CME or fast wind effects. From late Day 1 or early Day 2, the next CME arrival brings a likelihood of G1-G2/Minor-Moderate Storms, with a slight chance of G3/Strong Storm intervals should the main bulk of the CME reach Earth. Activity then declining again later in the period.



Energetic Particles / Solar Radiation: 
The count rate of energetic particles (high energy protons) is currently below S1/Minor radiation storm levels and is expected to continue a gradual but erratic downward trend through Days 1-2 (01-02 Aug). There remains a chance of exceeding again on Day 1, lowering to a slight chance on subsequent days.",True,,"prose-parsed; headline covers ~Day 1, summary spans Days 1-4 so this is an approximation — check combined field manually if a score looks off, and expect this parser to need occasional regex updates if Met Office changes their wording"
2026-08-01,2026-08-02,GFZ,,,,,,,,,"GFZ does not forecast flares/protons; Kp forecast is chart-image-only on the public site (no public numeric feed), see https://spaceweather.gfz.de/fileadmin/SW-Monitor/kp_swift_ensemble_LAST.png — read the median/quantile values off the chart and fill in kp_raw manually if you want GFZ included in Kp scoring"
2026-08-02,2026-08-03,NOAA,4.0,Active,R1-R2:30% R3+:5%,C,30,S1+:1%,False,1,"flare_category derived from R-scale (radio blackout) as proxy, not a direct per-class flare probability product"
2026-08-02,2026-08-03,sidc,,,,,,,,,FETCH FAILED: <urlopen error [Errno 104] Connection reset by peer>
2026-08-02,2026-08-03,MetOffice,,G3,G1-G2/Minor-Moderate geomagnetic storms likely day 1 (02 Aug) due to Coronal Mass Ejection arrival. Chance of isolated M-flares.,,,"Solar Activity:
 Low to Moderate solar activity is expected to continue, with a chance of isolated Moderate-class flares.&nbsp;



Solar Wind / Geomagnetic Activity: 
A CME which left the Sun on 30 Jul is likely to reach Earth early day 1 (02 Aug). While the majority of the material is likely to pass ahead of Earth, this is likely to give a spell of of G1-G2/Minor-Moderate Storms, with a slight chance of G3/Strong Storm intervals. Activity then declining again day 2 (03 Aug) with no further significant enhancements. Aside from the CME, geomagnetic activity is expected to be mainly Quiet with isolated Unsettled intervals.



Energetic Particles / Solar Radiation: 
The count rate of energetic particles (high energy protons) is expected to remain below the S1 Minor Radiation Storm level with no further enhancements forecast.",True,,"prose-parsed; headline covers ~Day 1, summary spans Days 1-4 so this is an approximation — check combined field manually if a score looks off, and expect this parser to need occasional regex updates if Met Office changes their wording"
2026-08-02,2026-08-03,GFZ,,,,,,,,,"GFZ does not forecast flares/protons; Kp forecast is chart-image-only on the public site (no public numeric feed), see https://spaceweather.gfz.de/fileadmin/SW-Monitor/kp_swift_ensemble_LAST.png — read the median/quantile values off the chart and fill in kp_raw manually if you want GFZ included in Kp scoring"
2026-08-03,2026-08-04,NOAA,3.33,Unsettled,R1-R2:20% R3+:1%,C,20,S1+:1%,False,1,"flare_category derived from R-scale (radio blackout) as proxy, not a direct per-class flare probability product"
2026-08-03,2026-08-04,sidc,,,,,,,,,FETCH FAILED: <urlopen error [Errno 104] Connection reset by peer>
2026-08-03,2026-08-04,MetOffice,,G1,&nbsp; Slight chance of isolated G1/Minor geomagnetic storms at first on day 1 (03 Aug). Chance of isolated Moderate class flares.,M,,"Solar Activity:
 Low solar activity is expected to continue with a chance of isolated M-class flares.



Solar Wind / Geomagnetic Activity: 
A CME which left the Sun on 30 Jul&nbsp; reached L1 around 02/1130UTC with the bulk of the material passing ahead of Earth. A further CME from a weak filament eruption from the southeast disc on 31 Jul is expected to miss Earth, passing ahead on Day 1 (03 Aug) but there is an outside chance of a weak glancing impact. No other Earth directed CMEs are currently expected.


There remains a slight chance of isolated G1/ Minor storms at first on Day 1 (03 Aug) before geomagnetic activity eases back to mainly Quiet conditions with isolated Unsettled intervals. Similar geomagnetic conditions then expected to persist through the rest of the period.



Energetic Particles / Solar Radiation: 
The count rate of energetic particles (high energy protons) is expected to remain below the S1 Minor Radiation Storm level with no further enhancements forecast.",True,,"prose-parsed; headline covers ~Day 1, summary spans Days 1-4 so this is an approximation — check combined field manually if a score looks off, and expect this parser to need occasional regex updates if Met Office changes their wording"
2026-08-03,2026-08-04,GFZ,,,,,,,,,"GFZ does not forecast flares/protons; Kp forecast is chart-image-only on the public site (no public numeric feed), see https://spaceweather.gfz.de/fileadmin/SW-Monitor/kp_swift_ensemble_LAST.png — read the median/quantile values off the chart and fill in kp_raw manually if you want GFZ included in Kp scoring"
2026-08-04,2026-08-05,NOAA,1.67,Quiet,R1-R2:20% R3+:1%,C,20,S1+:1%,False,1,"flare_category derived from R-scale (radio blackout) as proxy, not a direct per-class flare probability product"
2026-08-04,2026-08-05,SIDC,,Active,,,,Quiet,False,,scraped from sidc.be forecast box; verify against sidc.be/robots.txt and terms of use before scheduling frequent automated runs
2026-08-04,2026-08-05,MetOffice,,Active,&nbsp; &nbsp;Chance of isolated Moderate-class flares.,,,"Solar Activity: 
Low solar activity is expected to continue with a chance of isolated Moderate-class flares.



Solar Wind / Geomagnetic Activity: &nbsp;
In the absence of any geoeffective coronal holes or Earth directed CMEs solar wind speeds are expected to remain at background. Geomagnetic activity will be Quiet to Unsettled with a chance of Active intervals on Day 1 (4 Aug).&nbsp;


Energetic Particles / Solar Radiation:&nbsp;GOES18 &gt;10MeV proton flux is expected to continue at Background with no further enhancement currently forecast..",False,,"prose-parsed; headline covers ~Day 1, summary spans Days 1-4 so this is an approximation — check combined field manually if a score looks off, and expect this parser to need occasional regex updates if Met Office changes their wording"
2026-08-04,2026-08-05,GFZ,,,,,,,,,"GFZ does not forecast flares/protons; Kp forecast is chart-image-only on the public site (no public numeric feed), see https://spaceweather.gfz.de/fileadmin/SW-Monitor/kp_swift_ensemble_LAST.png — read the median/quantile values off the chart and fill in kp_raw manually if you want GFZ included in Kp scoring"
2026-08-05,2026-08-06,NOAA,1.67,Quiet,R1-R2:20% R3+:1%,C,20,S1+:1%,False,1,"flare_category derived from R-scale (radio blackout) as proxy, not a direct per-class flare probability product"
2026-08-05,2026-08-06,SIDC,,Quiet,,,,Quiet,False,,scraped from sidc.be forecast box; verify against sidc.be/robots.txt and terms of use before scheduling frequent automated runs
2026-08-05,2026-08-06,MetOffice,,Unsettled,&nbsp; &nbsp;Chance of isolated Moderate-class flares.,,,"Solar Activity: 
Low solar activity is expected to continue with a slight chance of isolated Moderate-class flares.



Solar Wind / Geomagnetic Activity: 
In the absence of any geoeffective coronal holes or Earth directed Coronal Mass Ejections, solar wind speeds are expected to reduce to Background on Day 1 (05 Aug), though Enlil suggests they could increase to Slightly Elevated on Day 4 (08 Aug) due to a possible glancing blow from a Coronal Mass Ejections . Geomagnetic activity is likely to be Quiet to Unsettled (Kp0-3), although there is a small chance it could increase on Day 4 (08 Aug) due to a possible glancing blow from a Coronal Mass Ejection or connection to Coronal Hole. This is very low confidence.&nbsp;



Energetic Particles / Solar Radiation: 
GOES18 &gt;10MeV proton flux is expected to continue at Background.&nbsp;",False,,"prose-parsed; headline covers ~Day 1, summary spans Days 1-4 so this is an approximation — check combined field manually if a score looks off, and expect this parser to need occasional regex updates if Met Office changes their wording"
2026-08-05,2026-08-06,GFZ,,,,,,,,,"GFZ does not forecast flares/protons; Kp forecast is chart-image-only on the public site (no public numeric feed), see https://spaceweather.gfz.de/fileadmin/SW-Monitor/kp_swift_ensemble_LAST.png — read the median/quantile values off the chart and fill in kp_raw manually if you want GFZ included in Kp scoring"
2026-08-06,2026-08-07,NOAA,3.67,Unsettled,R1-R2:10% R3+:1%,C,10,S1+:1%,False,1,"flare_category derived from R-scale (radio blackout) as proxy, not a direct per-class flare probability product"
2026-08-06,2026-08-07,SIDC,,Quiet,,,,Quiet,False,,scraped from sidc.be forecast box; verify against sidc.be/robots.txt and terms of use before scheduling frequent automated runs
2026-08-06,2026-08-07,MetOffice,,G1,&nbsp; Slight chance of isolated Moderate-class flares.,,,"Solar Activity: 
Low solar activity is expected to continue, with a slight chance of isolated Moderate-class flares.



Solar Wind / Geomagnetic Activity: 
Two slow Coronal Mass Ejections were detected on 03 Aug, though these are expected to miss Earth. A wide CME from the northwest was detected on 04 Aug, which may give a possible glancing blow Day 3 (08 Aug).


Solar winds are now Slow-Ambient, and likely to remain at similar levels through much of the period. A narrow coronal hole evident in the southeast, is likely to be a little too far south to influence the current forecast, though should this connect with Earth it may give a slight enhancement to Slightly elevated levels on Day 3 (08 Aug).


Geomagnetic activity is expected to remain Quiet (Kp0-2), with a chance of Unsettled (Kp3) intervals for much of the period. On Day 3 (08 Aug), geomagnetic activity may rise to Unsettled (Kp3) with a chance of Active (Kp4) intervals, and a slight chance of an isolated G1/Minor Geomagnetic Storm (Kp5) interval due to possible glancing Coronal Mass Ejection and coronal hole high speed stream influences.



Energetic Particles / Solar Radiation: 
GOES18 &gt;10MeV proton flux is expected to continue at Background.",False,,"prose-parsed; headline covers ~Day 1, summary spans Days 1-4 so this is an approximation — check combined field manually if a score looks off, and expect this parser to need occasional regex updates if Met Office changes their wording"
2026-08-06,2026-08-07,GFZ,,,,,,,,,"GFZ does not forecast flares/protons; Kp forecast is chart-image-only on the public site (no public numeric feed), see https://spaceweather.gfz.de/fileadmin/SW-Monitor/kp_swift_ensemble_LAST.png — read the median/quantile values off the chart and fill in kp_raw manually if you want GFZ included in Kp scoring"
2026-08-07,2026-08-08,NOAA,2.67,Quiet,R1-R2:10% R3+:1%,C,10,S1+:1%,False,1,"flare_category derived from R-scale (radio blackout) as proxy, not a direct per-class flare probability product"
2026-08-07,2026-08-08,SIDC,,Quiet,,,,Quiet,False,,scraped from sidc.be forecast box; verify against sidc.be/robots.txt and terms of use before scheduling frequent automated runs
2026-08-07,2026-08-08,MetOffice,,Active,&nbsp; Slight chance of isolated Moderate-class flares.,M,,"Solar Activity: 
Low to Very Low solar activity is expected to continue with just a slight chance of an isolated M-class flare.



Solar Wind / Geomagnetic Activity: 
Two slow Coronal Mass Ejections were detected on 03 Aug, though these are expected to miss Earth. A wide CME from the northwest was detected on 04 Aug, which may give a possible glancing blow Day 2 (08 Aug).


Solar winds are Slow-Ambient, and likely to remain at similar levels through much of the period. A small coronal hole evident in the southwest, is likely to be a little too far south to influence the current forecast, though should this connect with Earth it may give a slight enhancement to Slightly elevated levels on Day 2 (08 Aug) and early Day 3 (09 Aug) with Background levels returning by the end of the period.


Quiet geomagnetic activity is expected to persist until any weak CME or coronal whole influence arrival occurs, then probably increasing Unsettled to Active intervals. There is a slight chance of an isolated Minor Geomagnetic Storm intervals late Day 2 into early Day 3 (08 and 09 Aug). Through Day 4 geomagnetic activity is expected to decline to predominantly Quiet levels.



Energetic Particles / Solar Radiation: 
GOES18 &gt;10MeV proton flux is expected to continue at Background.",False,,"prose-parsed; headline covers ~Day 1, summary spans Days 1-4 so this is an approximation — check combined field manually if a score looks off, and expect this parser to need occasional regex updates if Met Office changes their wording"
2026-08-07,2026-08-08,GFZ,,,,,,,,,"GFZ does not forecast flares/protons; Kp forecast is chart-image-only on the public site (no public numeric feed), see https://spaceweather.gfz.de/fileadmin/SW-Monitor/kp_swift_ensemble_LAST.png — read the median/quantile values off the chart and fill in kp_raw manually if you want GFZ included in Kp scoring"
2026-08-08,2026-08-09,NOAA,3.67,Unsettled,R1-R2:10% R3+:1%,C,10,S1+:1%,False,1,"flare_category derived from R-scale (radio blackout) as proxy, not a direct per-class flare probability product"
2026-08-08,2026-08-09,SIDC,,Active,,,,Quiet,False,,scraped from sidc.be forecast box; verify against sidc.be/robots.txt and terms of use before scheduling frequent automated runs
2026-08-08,2026-08-09,MetOffice,,Active,&nbsp; Slight chance of isolated Moderate-class flares. Slight chance of Minor geomagnetic storms Days 1-2 (08-09 Aug).,,,"Solar Activity: 
Low to Very Low solar activity is expected with just a slight chance of an isolated Moderate-class flare.



Solar Wind / Geomagnetic Activity: 
Solar winds are slow at present, and likely to remain for much of this period. However, a CME which left the Sun on 04 Aug may give a glancing blow at Earth later on Day 1 (08 Aug), temporarily increasing solar winds to slightly elevated levels. In addition a small coronal hole in the southwest could give a weak enhancement to slightly elevated levels around the same time, from later Day 1 then persisting into Day 2 (08-09 Aug). Slow wind speeds are then expected to return by the end of the period, most likely from Day 3 (09 Aug).


Quiet geomagnetic activity is expected to persist unless any CME or weak fast wind arrival occurs, then perhaps becoming Unsettled to Active with a slight chance of an isolated Minor Geomagnetic Storm interval Day 1 into Day 2. By Day 3 (10 Aug) geomagnetic activity is expected to be mostly Quiet once again.



Energetic Particles / Solar Radiation: 
GOES18 &gt;10MeV proton flux is expected to continue at background levels.",False,,"prose-parsed; headline covers ~Day 1, summary spans Days 1-4 so this is an approximation — check combined field manually if a score looks off, and expect this parser to need occasional regex updates if Met Office changes their wording"
2026-08-08,2026-08-09,GFZ,,,,,,,,,"GFZ does not forecast flares/protons; Kp forecast is chart-image-only on the public site (no public numeric feed), see https://spaceweather.gfz.de/fileadmin/SW-Monitor/kp_swift_ensemble_LAST.png — read the median/quantile values off the chart and fill in kp_raw manually if you want GFZ included in Kp scoring"
2026-08-09,2026-08-10,NOAA,2.67,Quiet,R1-R2:5% R3+:1%,C,5,S1+:1%,False,1,"flare_category derived from R-scale (radio blackout) as proxy, not a direct per-class flare probability product"
2026-08-09,2026-08-10,SIDC,,G1,,,,Quiet,False,,scraped from sidc.be forecast box; verify against sidc.be/robots.txt and terms of use before scheduling frequent automated runs
2026-08-09,2026-08-10,MetOffice,,G2,"&nbsp;Coronal Mass Ejection influence declining early day 1 (9 Aug), with slight of G1 Minor Storms at first. Further chance of Active-G1 Minor storms days 3-4 (11-12 Aug).&nbsp;&nbsp;",,,"Solar Activity:&nbsp;
Very Low activity is expected, with only a slight chance of rising to Low with isolated Common-class flares.



Solar Wind / Geomagnetic Activity: 
Current CME influence is expected soon ease. A further CME arrival is then possible with a glancing impact on day 3-4 (11-12 Aug) due to the eruption observed on 08 Aug. However, any observed arrival is low confidence, with the CME mainly passing north of Earth. This could arrive alongside the onset of a the weak fast winds from a small coronal hole feature in the centre disc. Geomagnetic activity is expected to ease from Active to G1 Minor storm at first, to be mainly Quiet for much of the period. However any CME glance or fast wind onset later on day 3 or day 4 (11-12 Apr) will bring a further chance for a spell of Unsettled to Active with G1 Minor Storm intervals and a slight chance of G2 Moderate Storms.



Energetic Particles / Solar Radiation: 
The count rate of energetic particles (high energy protons) is expected to persist at Background.",False,,"prose-parsed; headline covers ~Day 1, summary spans Days 1-4 so this is an approximation — check combined field manually if a score looks off, and expect this parser to need occasional regex updates if Met Office changes their wording"
2026-08-09,2026-08-10,GFZ,,,,,,,,,"GFZ does not forecast flares/protons; Kp forecast is chart-image-only on the public site (no public numeric feed), see https://spaceweather.gfz.de/fileadmin/SW-Monitor/kp_swift_ensemble_LAST.png — read the median/quantile values off the chart and fill in kp_raw manually if you want GFZ included in Kp scoring"
2026-08-10,2026-08-11,NOAA,3.67,Unsettled,R1-R2:1% R3+:1%,C,1,S1+:1%,False,1,"flare_category derived from R-scale (radio blackout) as proxy, not a direct per-class flare probability product"
2026-08-10,2026-08-11,SIDC,,Active,,,,Quiet,False,,scraped from sidc.be forecast box; verify against sidc.be/robots.txt and terms of use before scheduling frequent automated runs
2026-08-10,2026-08-11,MetOffice,,Active,Chance of Active to Minor geomagnetic storm days 2-3 (11-12 Aug).&nbsp;&nbsp;,,,"Solar Activity:&nbsp;
Low or Very Low activity is expected to continue, with further Common class flares likely to continue until the region in the far northwest rotates across the western limb.



Solar Wind / Geomagnetic Activity:&nbsp; 
Slightly elevated solar winds probably declining back to Low levels. A further CME arrival is then possible with a glancing impact on day 2-3 (11-12 Aug). This is due to the 08 Aug north-centre disc filament eruption, although any observed arrival is low confidence, with the CME mainly passing north of Earth. However this could arrive alongside the onset of weak fast winds. Geomagnetic activity is expected to be mainly Quiet. However any CME glance or fast wind onset later on day 2 or day 3 (11-12 Apr) will bring a further chance for a spell of Unsettled to Active geomagnetic activity with a probability of isolated Minor Geomagnetic Storm intervals.



Energetic Particles / Solar Radiation: 
The count rate of energetic particles (high energy protons) is expected to persist at Background.",False,,"prose-parsed; headline covers ~Day 1, summary spans Days 1-4 so this is an approximation — check combined field manually if a score looks off, and expect this parser to need occasional regex updates if Met Office changes their wording"
2026-08-10,2026-08-11,GFZ,,,,,,,,,"GFZ does not forecast flares/protons; Kp forecast is chart-image-only on the public site (no public numeric feed), see https://spaceweather.gfz.de/fileadmin/SW-Monitor/kp_swift_ensemble_LAST.png — read the median/quantile values off the chart and fill in kp_raw manually if you want GFZ included in Kp scoring"
2026-08-11,2026-08-12,NOAA,5.0,G1,R1-R2:1% R3+:1%,C,1,S1+:1%,False,1,"flare_category derived from R-scale (radio blackout) as proxy, not a direct per-class flare probability product"
2026-08-11,2026-08-12,SIDC,,Quiet,,,,Quiet,False,,scraped from sidc.be forecast box; verify against sidc.be/robots.txt and terms of use before scheduling frequent automated runs
2026-08-11,2026-08-12,MetOffice,,G2,Chance of Active to Minor geomagnetic storm on Days 1-2 (11-12 Aug).&nbsp;&nbsp;,C,,"Solar Activity: 
Low or Very Low activity is expected throughout, with a chance of further C-class flares. A slightly larger, uni-polar region has appeared on the eastern limb, this will be monitored as it rotates further onto the visible disk, however, this is likely to be a mature and relatively inactive region and not expected to significantly change solar activity.



Solar Wind / Geomagnetic Activity: 
A Coronal Mass Ejection, from the north-centre disc filament eruption on 08 Aug, will probably pass north of Earth either late day 1 or early day 2 (11-12 Aug), and brings a chance of glancing impacts.


Solar winds are currently at background levels with mainly Quiet geomagnetic activity. These conditions are likely to persist until at least late day 1 or into day 2 (11-12 Aug), when the onset of any fast wind associated with a small coronal hole is expected. This is low confidence due its small size, lack of support in persistence, and minimal appearance in MOSWOC Enlil. However, any enhancement could combine with the potential weak glancing blow Coronal Mass Ejection arrival. These two potential events give a chance for enhanced geomagnetic activity with a spell of Unsettled to Active and possible G1/Minor Geomagnetic Storm intervals from late day 1 and into early day 2 (11-12 Aug), and a perhaps even a slight chance of G2/Moderate storms given that there is possible Coronal Mass Ejection material from the filament eruption which tends to enhance activity.



Energetic Particles / Solar Radiation: 
GOES18 &gt;10MeV proton flux is expected to continue at Background.&nbsp;",False,,"prose-parsed; headline covers ~Day 1, summary spans Days 1-4 so this is an approximation — check combined field manually if a score looks off, and expect this parser to need occasional regex updates if Met Office changes their wording"
2026-08-11,2026-08-12,GFZ,,,,,,,,,"GFZ does not forecast flares/protons; Kp forecast is chart-image-only on the public site (no public numeric feed), see https://spaceweather.gfz.de/fileadmin/SW-Monitor/kp_swift_ensemble_LAST.png — read the median/quantile values off the chart and fill in kp_raw manually if you want GFZ included in Kp scoring"
2026-08-12,2026-08-13,NOAA,2.0,Quiet,R1-R2:5% R3+:1%,C,5,S1+:1%,False,1,"flare_category derived from R-scale (radio blackout) as proxy, not a direct per-class flare probability product"
2026-08-12,2026-08-13,SIDC,,Quiet,,,,Quiet,False,,scraped from sidc.be forecast box; verify against sidc.be/robots.txt and terms of use before scheduling frequent automated runs
2026-08-12,2026-08-13,MetOffice,,G1,Chance of Minor Geomagnetic Storm G1 to start and end forecast period.,,,"Solar Activity: 
Activity is expected to remain Low, with only four relatively simple sunspot regions currently on the visible disc.



Solar Wind / Geomagnetic Activity: 
The Coronal Mass Ejection from 08 Aug seems to have arrived around 11/1030 UTC giving a modest increase in Geomagnetic Activity. This is expected to continue to be Quiet to Unsettled (Kps 1-3) with Active Intervals (Kp 4) possible during the early part of Day 1 (12 Aug). There is a small chance that we could see the influence of a small coronal hole on Day 1 (12 Aug) which could give a Slight Chance of G1/Minor Storm intervals. This should reduce to Quiet to Unsettled by day 2 (13 Aug) before a possible second fast wind from a different coronal hole, which could arrive on Day 3 or 4 (14-15 Aug), giving a Slight Chance of G1/Minor Storms intervals then too. &nbsp;



Energetic Particles / Solar Radiation: 
GOES18 &gt;10MeV proton flux is expected to continue at Background.",False,,"prose-parsed; headline covers ~Day 1, summary spans Days 1-4 so this is an approximation — check combined field manually if a score looks off, and expect this parser to need occasional regex updates if Met Office changes their wording"
2026-08-12,2026-08-13,GFZ,,,,,,,,,"GFZ does not forecast flares/protons; Kp forecast is chart-image-only on the public site (no public numeric feed), see https://spaceweather.gfz.de/fileadmin/SW-Monitor/kp_swift_ensemble_LAST.png — read the median/quantile values off the chart and fill in kp_raw manually if you want GFZ included in Kp scoring"
2026-08-13,2026-08-14,NOAA,4.0,Active,R1-R2:15% R3+:1%,C,15,S1+:1%,False,1,"flare_category derived from R-scale (radio blackout) as proxy, not a direct per-class flare probability product"
2026-08-13,2026-08-14,SIDC,,Quiet,,,,Quiet,False,,scraped from sidc.be forecast box; verify against sidc.be/robots.txt and terms of use before scheduling frequent automated runs
2026-08-13,2026-08-14,MetOffice,,G1,Chance of Minor Geomagnetic Storm G1 from Day 2 (14 Aug).,M,,"Solar Activity: 
Activity is expected to remain Low, with only a slight chance of an isolated M-class flare.&nbsp;



Solar Wind / Geomagnetic Activity:
 CH86/+ is expected to connect with Earth from later Day 1 (13 Aug), or more likely through Day 2 (14 Aug), but this is also low confidence.&nbsp;


Geomagnetic activity may increase late Day 1 (13 Aug) or more likely through Day 2 (14 Aug) upon connection to CH86/+, to bring a likelihood of Active intervals and a chance of G1/Minor geomagnetic storms, which may also continue into Day 3 (15 Aug), before gradually waning on Day 4 (16 Aug).&nbsp; &nbsp;



Energetic Particles / Solar Radiation: 
GOES18 &gt;10MeV proton flux is expected to continue at Background.",False,,"prose-parsed; headline covers ~Day 1, summary spans Days 1-4 so this is an approximation — check combined field manually if a score looks off, and expect this parser to need occasional regex updates if Met Office changes their wording"
2026-08-13,2026-08-14,GFZ,,,,,,,,,"GFZ does not forecast flares/protons; Kp forecast is chart-image-only on the public site (no public numeric feed), see https://spaceweather.gfz.de/fileadmin/SW-Monitor/kp_swift_ensemble_LAST.png — read the median/quantile values off the chart and fill in kp_raw manually if you want GFZ included in Kp scoring"
2026-08-14,2026-08-15,NOAA,3.67,Unsettled,R1-R2:10% R3+:1%,C,10,S1+:1%,False,1,"flare_category derived from R-scale (radio blackout) as proxy, not a direct per-class flare probability product"
2026-08-14,2026-08-15,SIDC,,Active,,,,Quiet,False,,scraped from sidc.be forecast box; verify against sidc.be/robots.txt and terms of use before scheduling frequent automated runs
2026-08-14,2026-08-15,MetOffice,,Active,Chance of Minor Geomagnetic Storm Friday 14 August.,,,"Solar Activity: 
Activity will most likely be Low, with isolated Common class flares. One moderately sized region should depart the disc to end the UTC weekend. Two returning regions may rotate onto the disc through the next two days, but they are unlikely to be significant. Therefore, there is only a slight chance of isolated Moderate class flares.



Solar Wind / Geomagnetic Activity:
 No CMEs feature in the forecast. The current solar wind regime may give way to a solar wind enhancement from a coronal hole later Day 1 or early Day 2 (14 and 15 Aug). Should the enhancement arrive the initial Quiet to Unsettled activity is expected to increase to become Unsettled to Active, with a Chance of Minor geomagnetic storms intervals, later Day 1 (14 Aug) into Day 2 (15 Aug). Activity then declines to become increasingly Quiet through Days 3 and 4 (16 and 17 Aug). &nbsp;&nbsp;



Energetic Particles / Solar Radiation: 
No solar radiation storms are expected - given the lack of suitably complex, well-connected sunspot regions (i.e. larger regions in the west).",True,,"prose-parsed; headline covers ~Day 1, summary spans Days 1-4 so this is an approximation — check combined field manually if a score looks off, and expect this parser to need occasional regex updates if Met Office changes their wording"
2026-08-14,2026-08-15,GFZ,,,,,,,,,"GFZ does not forecast flares/protons; Kp forecast is chart-image-only on the public site (no public numeric feed), see https://spaceweather.gfz.de/fileadmin/SW-Monitor/kp_swift_ensemble_LAST.png — read the median/quantile values off the chart and fill in kp_raw manually if you want GFZ included in Kp scoring"
2026-08-15,2026-08-16,NOAA,2.67,Quiet,R1-R2:15% R3+:1%,C,15,S1+:1%,False,1,"flare_category derived from R-scale (radio blackout) as proxy, not a direct per-class flare probability product"
2026-08-15,2026-08-16,SIDC,,Active,,,,Quiet,False,,scraped from sidc.be forecast box; verify against sidc.be/robots.txt and terms of use before scheduling frequent automated runs
2026-08-15,2026-08-16,MetOffice,,,Minor/Moderate geomagnetic storm Expected Monday 17 August.,,,"Solar Activity: 
Activity will most likely remain low, however there is now a daily slight chance of Moderate-class flares. New regions may rotate onto the disc during the forecast period, most likely during Day 1 (15th Aug) and then Day 4 (18th Aug), although these regions are unlikely to be significant due to the lack of activity from behind the east limb.



Solar Wind / Geomagnetic Activity:
 There is one Earth directed CME in the forecast, from the filament eruption on the 14th. The timing of the CME arrival has uncertainties linked to the potential arrival of a solar wind enhancement from a coronal hole feature in the northwest. This solar wind enhancement is expected to connect to Earth through Day 1 (15th Aug) but there is an increasing probability that the connection will not occur. Without being embedded within a solar wind enhancement the CME arrival will be later than currently expected. Late day 4 (18th Aug) a new solar wind enhancement may arrive, from a coronal hole currently in the southeast. However, this feature may be too far south to connect to Earth.



Energetic Particles / Solar Radiation: 
Solar radiation levels showed no measurable reaction to increased activity from the sunspot region in the southwest. There is a daily slight chance of Minor Solar Radiation Storm S1 or greater, revised slightly higher than of late in light of increased activity.",True,,"prose-parsed; headline covers ~Day 1, summary spans Days 1-4 so this is an approximation — check combined field manually if a score looks off, and expect this parser to need occasional regex updates if Met Office changes their wording"
2026-08-15,2026-08-16,GFZ,,,,,,,,,"GFZ does not forecast flares/protons; Kp forecast is chart-image-only on the public site (no public numeric feed), see https://spaceweather.gfz.de/fileadmin/SW-Monitor/kp_swift_ensemble_LAST.png — read the median/quantile values off the chart and fill in kp_raw manually if you want GFZ included in Kp scoring"
2026-08-16,2026-08-17,NOAA,4.0,Active,R1-R2:15% R3+:1%,C,15,S1+:1%,False,1,"flare_category derived from R-scale (radio blackout) as proxy, not a direct per-class flare probability product"
2026-08-16,2026-08-17,SIDC,,Quiet,,,,Quiet,False,,scraped from sidc.be forecast box; verify against sidc.be/robots.txt and terms of use before scheduling frequent automated runs
2026-08-16,2026-08-17,MetOffice,,G2,"G1-G2 (Minor-Moderate) geomagnetic storms likely Day 2 (17 Aug), chance of G1/Minor storms Days 3-4 (18-19 Aug).",,,"Solar Activity:
 Activity will most likely remain Low, however there is an increasing slight chance of Moderate class flares.



Solar Wind / Geomagnetic Activity:
 There is one Earth directed CME in the forecast. The timing of the CME arrival has uncertainties, given that wind speeds are significantly slower than those currently modelled. As such, the forecast arrival time has been pushed back to later on Day 2 (17 Aug). On Day 3 (18 Aug) a new fast wind may arrive, likely lasting into Day 4 (19 Aug). Whilst this feature gave wind speeds up to 700 km/s on the last rotation, it has changed since then and there is significant uncertainty in the wind speeds expected this time.&nbsp;


Geomagnetic activity is expected to be Quiet to Unsettled on Day 1, increasing on Day 2 with G1/Minor intervals likely and a chance of G2/Moderate geomagnetic storms. Overall, geomagnetic activity on Days 3-4 is likely to gradually reduce, but still potentially Unsettled to Active with a chance of G1/Minor storms, including a slight chance of G2/Moderate storm intervals on Day 3.



Energetic Particles / Solar Radiation: 
Solar radiation levels are likely to be at background levels, with no solar radiation storms expected.",False,,"prose-parsed; headline covers ~Day 1, summary spans Days 1-4 so this is an approximation — check combined field manually if a score looks off, and expect this parser to need occasional regex updates if Met Office changes their wording"
2026-08-16,2026-08-17,GFZ,,,,,,,,,"GFZ does not forecast flares/protons; Kp forecast is chart-image-only on the public site (no public numeric feed), see https://spaceweather.gfz.de/fileadmin/SW-Monitor/kp_swift_ensemble_LAST.png — read the median/quantile values off the chart and fill in kp_raw manually if you want GFZ included in Kp scoring"
2026-08-17,2026-08-18,NOAA,4.0,Active,R1-R2:15% R3+:1%,C,15,S1+:1%,False,1,"flare_category derived from R-scale (radio blackout) as proxy, not a direct per-class flare probability product"
2026-08-17,2026-08-18,SIDC,,Quiet,,,,Quiet,False,,scraped from sidc.be forecast box; verify against sidc.be/robots.txt and terms of use before scheduling frequent automated runs
2026-08-17,2026-08-18,MetOffice,,G2,"G1-G2 (Minor-Moderate) geomagnetic storms likely Day 1 (17 Aug), chance of G1/Minor storms Days 2-3 (18-19 Aug). Chance of Moderate class flares.&nbsp;",,,"Solar Activity:
 Activity will most likely remain Low, however there is a chance of Moderate class flares.



Solar Wind / Geomagnetic Activity:
 There is one Earth directed CME in the forecast. The timing of the CME arrival has uncertainties, given that wind speeds are significantly slower than those currently modelled. As such, the forecast arrival time has been pushed back to later on Day 1 (17 Aug). On Day 2 (18 Aug) a new fast wind may arrive, likely lasting into Day 4 (19 Aug). Whilst this feature gave wind speeds up to 700 km/s on the last rotation, it has changed since then and there is significant uncertainty in the wind speeds expected this time.&nbsp;


Geomagnetic activity is expected to be Quiet to Unsettled on Day 1, increasing on Day 2 with G1/Minor intervals likely and a chance of G2/Moderate geomagnetic storms. Overall, geomagnetic activity on Days 3-4 is likely to gradually reduce, but still potentially Unsettled to Active with a chance of G1/Minor storms, including a slight chance of G2/Moderate storm intervals on Day 3.



Energetic Particles / Solar Radiation: 
Solar radiation levels are likely to be at background levels, with no solar radiation storms expected.",False,,"prose-parsed; headline covers ~Day 1, summary spans Days 1-4 so this is an approximation — check combined field manually if a score looks off, and expect this parser to need occasional regex updates if Met Office changes their wording"
2026-08-17,2026-08-18,GFZ,,,,,,,,,"GFZ does not forecast flares/protons; Kp forecast is chart-image-only on the public site (no public numeric feed), see https://spaceweather.gfz.de/fileadmin/SW-Monitor/kp_swift_ensemble_LAST.png — read the median/quantile values off the chart and fill in kp_raw manually if you want GFZ included in Kp scoring"
2026-08-18,2026-08-19,NOAA,4.67,Active,R1-R2:35% R3+:5%,C,35,S1+:5%,False,5,"flare_category derived from R-scale (radio blackout) as proxy, not a direct per-class flare probability product"
2026-08-18,2026-08-19,SIDC,,Quiet,,,,Quiet,False,,scraped from sidc.be forecast box; verify against sidc.be/robots.txt and terms of use before scheduling frequent automated runs
2026-08-18,2026-08-19,MetOffice,,G2,"Chance of G1/Minor storms Days 1-3 (18-20 Aug), with a Chance of G2/Moderate storms initially on Day 1 (18 Aug). Chance of Moderate class flares.&nbsp;",,,"Solar Activity: 
Activity will most likely remain Low, however there is a chance of isolated Moderate-class flares, most likely from AR4507
.&nbsp;




Solar Wind / Geomagnetic Activity: 
A CME (coronal mass ejection) associated with a filament eruption on 14 Aug may reach Earth early Day 1 (18 Aug). A second CME associated with a common class flare from a region in the west of the disc at 16/1928 UTC may deliver a glancing blow at Earth on Day 3 (20 Aug). Confidence for both these CMEs is very low.&nbsp;


Coronal hole fast winds may arrive during this period, perhaps late on Day 1 (18 Aug), but more likely through Day 2 (19 Aug), before gradually declining through Days 3-4 (20-21 Aug). Solar wind speeds reached 700 km/s on last rotation, but there is significant uncertainty regarding possible speeds this time around.&nbsp;


Geomagnetic activity is expected to be Quiet to Unsettled (Kp1-3) until the possible CME arrival early Day 1 (18 Aug), at which point activity may increase to give Active/ G1 minor storm intervals and a slight chance of G2/Moderate geomagnetic storms. Activity may then wane until the onset of the HSS from CH87/- or CH88/- from later Day 1, or more likely through Day 2 (19 Aug), which along with glancing CME effects on Day 3 (20 Aug) keeps a chance of G1/Minor Storms through Day 2 and 3, before activity likely returns to mostly Quiet to Unsettled levels on Day 4 (21 Aug).&nbsp;



Energetic Particles / Solar Radiation: 
GOES18 &gt;10MeV proton flux is likely to continue at background levels.",False,,"prose-parsed; headline covers ~Day 1, summary spans Days 1-4 so this is an approximation — check combined field manually if a score looks off, and expect this parser to need occasional regex updates if Met Office changes their wording"
2026-08-18,2026-08-19,GFZ,,,,,,,,,"GFZ does not forecast flares/protons; Kp forecast is chart-image-only on the public site (no public numeric feed), see https://spaceweather.gfz.de/fileadmin/SW-Monitor/kp_swift_ensemble_LAST.png — read the median/quantile values off the chart and fill in kp_raw manually if you want GFZ included in Kp scoring"
2026-08-19,2026-08-20,NOAA,4.0,Active,R1-R2:35% R3+:5%,C,35,S1+:5%,False,5,"flare_category derived from R-scale (radio blackout) as proxy, not a direct per-class flare probability product"
2026-08-19,2026-08-20,SIDC,,Active,,,,Quiet,False,,scraped from sidc.be forecast box; verify against sidc.be/robots.txt and terms of use before scheduling frequent automated runs
2026-08-19,2026-08-20,MetOffice,,G1,Chance of G1/Minor storms days 1-3 (19-20 Aug). Chance of Moderate-class flares.&nbsp;,,,"Solar Activity: 
Activity is likely to remain Low, however there is a chance of isolated Moderate-class flares, most likely from the larger region in the western disc



Solar Wind / Geomagnetic Activity:
 CME which left the Sun on&nbsp;16/1928 UTC is expected pass above Earth, but with the low chance of a glancing impact on day 2 (20 Aug). Otherwise the current fast winds are expected to soon be followed by those from another similar enhancement leading to a prolonged period of Elevated, perhaps Strong solar winds, only gradually easing from late day 3 or more likely day 4 (21-22 Aug). Geomagnetic activity is expected to reman Quiet to Unsettled overall, but with a chance for periods of Active to G1 Minor Storm, mainly day 1 and day 2 (19-20 Aug).&nbsp;



Energetic Particles / Solar Radiation: 
The count rate of energetic particles (high energy protons) is expected to stay at Background, with only a slight chance of rising if any notable eruptions are observed from the larger of the sunspot regions.",False,,"prose-parsed; headline covers ~Day 1, summary spans Days 1-4 so this is an approximation — check combined field manually if a score looks off, and expect this parser to need occasional regex updates if Met Office changes their wording"
2026-08-19,2026-08-20,GFZ,,,,,,,,,"GFZ does not forecast flares/protons; Kp forecast is chart-image-only on the public site (no public numeric feed), see https://spaceweather.gfz.de/fileadmin/SW-Monitor/kp_swift_ensemble_LAST.png — read the median/quantile values off the chart and fill in kp_raw manually if you want GFZ included in Kp scoring"
2026-08-20,2026-08-21,NOAA,4.0,Active,R1-R2:35% R3+:5%,C,35,S1+:5%,False,5,"flare_category derived from R-scale (radio blackout) as proxy, not a direct per-class flare probability product"
2026-08-20,2026-08-21,SIDC,,Active,,,,Quiet,False,,scraped from sidc.be forecast box; verify against sidc.be/robots.txt and terms of use before scheduling frequent automated runs
2026-08-20,2026-08-21,MetOffice,,G1,Chance of G1/Minor storms days 1-2 (19-20 Aug). Chance of Moderate-class flares.&nbsp;,,,"Solar Activity: 
Activity is likely to be Low, with a chance of isolated Moderate-class flares.



Solar Wind / Geomagnetic Activity:&nbsp; 
A Coronal Mass Ejection associated with the C8.2 flare from 16 August may glance Earth on Day 1 (20 Aug), although is most likely to pass to the north. Earth has now connected to the high speed stream of a coronal hole, with ongoing fast winds expected. It is also possible we may see connection to another coronal hole, perhaps leading to a prolonged period of Elevated to Strong solar winds. This combined with a possible Coronal Mass Ejection glance on Day 1 (20 Aug) will give an ongoing chance of isolated G1/Minor Storm intervals. While there is some uncertainty regarding the coronal holes, the overall fast wind conditions are expected to continue into Day 2 (21 Aug), as supported by MOSWOC Enlil, before showing signs of gradually easing from Day 3 (22 Aug). Geomagnetic activity is expected to remain Quiet to Unsettled (Kp 1-3) overall, with a chance for periods of Active to G1/Minor Storm (Kp 4-5), mainly on Day 1 (20 Aug).&nbsp;&nbsp;



Energetic Particles / Solar Radiation: 
GOES-18 &gt; MeV proton flux is at background with only a slight chance of rising given any eruptive events from the disc.&nbsp;",False,,"prose-parsed; headline covers ~Day 1, summary spans Days 1-4 so this is an approximation — check combined field manually if a score looks off, and expect this parser to need occasional regex updates if Met Office changes their wording"
2026-08-20,2026-08-21,GFZ,,,,,,,,,"GFZ does not forecast flares/protons; Kp forecast is chart-image-only on the public site (no public numeric feed), see https://spaceweather.gfz.de/fileadmin/SW-Monitor/kp_swift_ensemble_LAST.png — read the median/quantile values off the chart and fill in kp_raw manually if you want GFZ included in Kp scoring"
2026-08-21,2026-08-22,NOAA,4.0,Active,R1-R2:40% R3+:10%,C,40,S1+:5%,False,5,"flare_category derived from R-scale (radio blackout) as proxy, not a direct per-class flare probability product"
2026-08-21,2026-08-22,SIDC,,Active,,,,Quiet,False,,scraped from sidc.be forecast box; verify against sidc.be/robots.txt and terms of use before scheduling frequent automated runs
2026-08-21,2026-08-22,MetOffice,,Active,Chance of Moderate-class flares throughout.&nbsp;,,,"Solar Activity: 
Activity is likely to be Low to Moderate, with a chance of further Moderate-class flares and a slight chance of a Strong flare, mostly from the region near the northeast limb. A new or returning region is expected to rotate onto the disc, from the far side, most likely during Day 3 (23 Aug). However, this region is not expected to significantly influence solar activity.



Solar Wind / Geomagnetic Activity:&nbsp; 
A Coronal Mass Ejection (CME) associated with a Common-class flare from 16 August is now considered to have missed Earth. Earth is currently under the influence of a solar wind enhancement from one or two coronal holes in the western hemisphere. The solar wind enhancement is expected to gradually decline through the period, from initial Elevated speeds around 500 km/s down to Background levels during Days 3 and 4 (23 and 24 Aug). Geomagnetic activity is expected to remain Quiet to Unsettled overall, with a chance for periods of Active (Kp 4), mainly on Day 1 (21 Aug).&nbsp;



Energetic Particles / Solar Radiation: 
GOES-18 &gt; MeV proton flux is at background with only a slight chance of rising given any eruptive events from the disc.&nbsp;",False,,"prose-parsed; headline covers ~Day 1, summary spans Days 1-4 so this is an approximation — check combined field manually if a score looks off, and expect this parser to need occasional regex updates if Met Office changes their wording"
2026-08-21,2026-08-22,GFZ,,,,,,,,,"GFZ does not forecast flares/protons; Kp forecast is chart-image-only on the public site (no public numeric feed), see https://spaceweather.gfz.de/fileadmin/SW-Monitor/kp_swift_ensemble_LAST.png — read the median/quantile values off the chart and fill in kp_raw manually if you want GFZ included in Kp scoring"
2026-08-22,2026-08-23,NOAA,3.0,Unsettled,R1-R2:40% R3+:10%,C,40,S1+:5%,False,5,"flare_category derived from R-scale (radio blackout) as proxy, not a direct per-class flare probability product"
2026-08-22,2026-08-23,SIDC,,Active,,,,Quiet,False,,scraped from sidc.be forecast box; verify against sidc.be/robots.txt and terms of use before scheduling frequent automated runs
2026-08-22,2026-08-23,MetOffice,,Active,Chance of Moderate-class flares throughout.&nbsp;,,,"Solar Activity: 
Activity is likely to be Low to Moderate, with a chance of further Moderate-class flares and a slight chance of a Strong flare, mostly from the region in the northeast. One or more new or returning regions are expected to rotate onto the disc, from the far side, most likely during Day 2 (23 Aug) onwards. However, these regions are not expected to significantly influence solar activity.



Solar Wind / Geomagnetic Activity:
 Earth is currently under the influence of a solar wind enhancement from one or two coronal holes in the western hemisphere. The solar wind enhancement will continue to gradually decline through the period, from initial Slightly Elevated speeds around 450 km/s down to Background levels from Days 2 or 3 (23 and 24 Aug) onwards. As no Earth directed CME's are currently expected geomagnetic activity is expected to remain Quiet overall, with a chance for periods of Unsettled activity, mainly on Day 1 (22 Aug)



Energetic Particles / Solar Radiation: 
GOES-18 &gt; MeV proton flux is currently Slightly Elevated with a rising trend. It is likely that the proton flux will reach S1/Minor Solar Radiation Storm levels through Day 1 (22 Aug) and at first Day 2 (23 Aug). Thereafter the proton flux is expected to gradually decline, reaching background levels for Day 4 (25 Aug). However, this assumes no significant flares occur during Day 1 from the active region, that generated the proton flux rise , as it continues to rotate further across the far side.",False,,"prose-parsed; headline covers ~Day 1, summary spans Days 1-4 so this is an approximation — check combined field manually if a score looks off, and expect this parser to need occasional regex updates if Met Office changes their wording"
2026-08-22,2026-08-23,GFZ,,,,,,,,,"GFZ does not forecast flares/protons; Kp forecast is chart-image-only on the public site (no public numeric feed), see https://spaceweather.gfz.de/fileadmin/SW-Monitor/kp_swift_ensemble_LAST.png — read the median/quantile values off the chart and fill in kp_raw manually if you want GFZ included in Kp scoring"
2026-08-23,2026-08-24,NOAA,1.67,Quiet,R1-R2:45% R3+:10%,C,45,S1+:5%,False,5,"flare_category derived from R-scale (radio blackout) as proxy, not a direct per-class flare probability product"
2026-08-23,2026-08-24,SIDC,,Quiet,,,,Quiet,False,,scraped from sidc.be forecast box; verify against sidc.be/robots.txt and terms of use before scheduling frequent automated runs
2026-08-23,2026-08-24,MetOffice,,G1,Chance of Moderate Class flares throughout.&nbsp;,,,"Solar Activity: 
Low to Moderate activity is expected with a chance of further Moderate-class flares, most likely from the large and complex region on the disc. There is also a slight chance of Strong flares from this region.



Solar Wind / Geomagnetic Activity:
 No Earth directed CMEs are currently expected during the forecast period. Earth is under the waning influence of a fast wind, which will continue to gradually decline to slow speeds during Day 1 and perhaps into Day 2 (23-24 Aug). Another fast wind enhancement could arrive at Earth late on Day 4 (26 Aug), or more likely after the end of this period.


Geomagnetic activity is expected to remain Quiet to Unsettled (Kp 0-3) for much of the period, but there is a slight chance of Active to G1/Minor Storm intervals later on Day 4 if the next fast wind arrives.



Energetic Particles / Solar Radiation:
 There is a slight chance of solar radiation reaching above the S1/Minor radiation storm threshold throughout the period.",True,,"prose-parsed; headline covers ~Day 1, summary spans Days 1-4 so this is an approximation — check combined field manually if a score looks off, and expect this parser to need occasional regex updates if Met Office changes their wording"
2026-08-23,2026-08-24,GFZ,,,,,,,,,"GFZ does not forecast flares/protons; Kp forecast is chart-image-only on the public site (no public numeric feed), see https://spaceweather.gfz.de/fileadmin/SW-Monitor/kp_swift_ensemble_LAST.png — read the median/quantile values off the chart and fill in kp_raw manually if you want GFZ included in Kp scoring"
2026-08-24,2026-08-25,NOAA,1.67,Quiet,R1-R2:45% R3+:10%,C,45,S1+:10%,False,10,"flare_category derived from R-scale (radio blackout) as proxy, not a direct per-class flare probability product"
2026-08-24,2026-08-25,sidc,,,,,,,,,FETCH FAILED: The read operation timed out
2026-08-24,2026-08-25,MetOffice,,G1,Chance of R1/Minor Radio Blackouts throughout.&nbsp;,,,"Solar Activity: 
Low activity is expected to continue, with a chance of becoming Moderate, and a slight chance of becoming High.



Solar Wind / Geomagnetic Activity:
 No Earth directed coronal mass ejections are currently expected during the forecast period. Slow-Ambient solar winds are expected through Days 1 and 2 (24-25 Aug). The next enhancement will be from coronal hole fast winds, arriving at Earth either late on Day 3 (26 Aug), or more likely on Day 4 (27 Aug), with wind speeds increasing to Elevated.


Geomagnetic activity is expected to remain Quiet (Kp0-2) for much of the period. Activity is expected to increase to Unsettled to Active (Kp3-4) later Day 3 or more likely Day 4 (26/27 Aug), with an increasing Chance of G1/Minor Storm intervals (Kp5) as the anticipated fast winds arrive.



Energetic Particles / Solar Radiation:
 There is a slight chance of solar radiation reaching above the S1/Minor radiation storm threshold throughout the period.",True,,"prose-parsed; headline covers ~Day 1, summary spans Days 1-4 so this is an approximation — check combined field manually if a score looks off, and expect this parser to need occasional regex updates if Met Office changes their wording"
2026-08-24,2026-08-25,GFZ,,,,,,,,,"GFZ does not forecast flares/protons; Kp forecast is chart-image-only on the public site (no public numeric feed), see https://spaceweather.gfz.de/fileadmin/SW-Monitor/kp_swift_ensemble_LAST.png — read the median/quantile values off the chart and fill in kp_raw manually if you want GFZ included in Kp scoring"
2026-08-25,2026-08-26,NOAA,1.67,Quiet,R1-R2:45% R3+:10%,C,45,S1+:10%,False,10,"flare_category derived from R-scale (radio blackout) as proxy, not a direct per-class flare probability product"
2026-08-25,2026-08-26,SIDC,,Quiet,,,,Quiet,False,,scraped from sidc.be forecast box; verify against sidc.be/robots.txt and terms of use before scheduling frequent automated runs
2026-08-25,2026-08-26,MetOffice,,G1,Chance of R1/Minor Radio Blackouts throughout. Increasing chance of G1/Minor Geomagnetic Storm Days 2-3 (26-27 Aug).,,,"Solar Activity: 
Low to Moderate activity is expected, with a chance of further Moderate-class flares, most likely from the large complex region near the centre disc. There remains a slight chance of Strong flares from this region.



Solar Wind / Geomagnetic Activity:
 No Earth directed CMEs are currently expected. Solar wind speeds are expected to remain slow on Day 1 (25 Aug), before the arrival of the fast wind associated with CH89/+ and CH90/+ late on Day 2 (26 Aug), or more likely on Day 3 (27 Aug). Wind speeds are then expected to increase to around 500–600 km/s.


Geomagnetic activity is expected to remain largely Quiet to Unsettled (Kp0-3). However, activity is likely to become Unsettled to Active (Kp3-4) later Day 2 into Day 3, with an increasing chance of G1/Minor Storm intervals (Kp5) as the anticipated fast stream arrives.



Energetic Particles / Solar Radiation:
 There is a slight chance of solar radiation reaching above the S1/Minor radiation storm threshold throughout the period.",True,,"prose-parsed; headline covers ~Day 1, summary spans Days 1-4 so this is an approximation — check combined field manually if a score looks off, and expect this parser to need occasional regex updates if Met Office changes their wording"
2026-08-25,2026-08-26,GFZ,,,,,,,,,"GFZ does not forecast flares/protons; Kp forecast is chart-image-only on the public site (no public numeric feed), see https://spaceweather.gfz.de/fileadmin/SW-Monitor/kp_swift_ensemble_LAST.png — read the median/quantile values off the chart and fill in kp_raw manually if you want GFZ included in Kp scoring"
2026-08-26,2026-08-27,NOAA,4.67,Active,R1-R2:55% R3+:15%,M,55,S1+:10%,False,10,"flare_category derived from R-scale (radio blackout) as proxy, not a direct per-class flare probability product"
2026-08-26,2026-08-27,SIDC,,Quiet,,,,Quiet,False,,scraped from sidc.be forecast box; verify against sidc.be/robots.txt and terms of use before scheduling frequent automated runs
2026-08-26,2026-08-27,MetOffice,,G1,R1/Minor Radio Blackouts likely. Chance of G1/Minor Geomagnetic Storm Days 2-3 (27-28 Aug).,,,"Solar Activity: 
Moderate activity is forecast, with further Moderate-class flares likely from the large region near centre disc. There remains a slight chance of Strong-flares from this region.



Solar Wind / Geomagnetic Activity:
 The recent Moderate-class flare produced an Earth-directed CME. Preliminary analysis suggests the CME could arrive at Earth on Day 3 (Friday).


Solar wind speeds are expected to remain slow on Day 1 (26 Aug) otherwise, before the arrival of the fast stream associated with CH90/+, likely on Day 2 (27 Aug). Wind speeds may increase to around 500 km/s, and potentially up to 550 km/s under the influence of the CME.


Geomagnetic activity is expected to remain Quiet (Kp 0–2) initially. However, conditions are likely to become Unsettled to Active (Kp 3–4) from Day 2 (27 August), with an increasing chance of G1/Minor Storm (Kp 5) intervals as the anticipated high-speed stream (HSS) from CH90/+ arrives.


The expected CME arrival on Day 3 (28 August) is then likely to maintain elevated geomagnetic activity, with a further chance of G1/Minor Storm intervals. Activity should begin to subside on Day 4, although Unsettled to Active (Kp 3–4) conditions may persist before gradually easing.






Energetic Particles / Solar Radiation:
 There is a generally increasing chance of solar radiation reaching above the S1/Minor radiation storm threshold through the period.",True,,"prose-parsed; headline covers ~Day 1, summary spans Days 1-4 so this is an approximation — check combined field manually if a score looks off, and expect this parser to need occasional regex updates if Met Office changes their wording"
2026-08-26,2026-08-27,GFZ,,,,,,,,,"GFZ does not forecast flares/protons; Kp forecast is chart-image-only on the public site (no public numeric feed), see https://spaceweather.gfz.de/fileadmin/SW-Monitor/kp_swift_ensemble_LAST.png — read the median/quantile values off the chart and fill in kp_raw manually if you want GFZ included in Kp scoring"
2026-08-27,2026-08-28,NOAA,5.67,G1,R1-R2:45% R3+:10%,C,45,S1+:10%,False,10,"flare_category derived from R-scale (radio blackout) as proxy, not a direct per-class flare probability product"
2026-08-27,2026-08-28,SIDC,,Quiet,,,,Quiet,False,,scraped from sidc.be forecast box; verify against sidc.be/robots.txt and terms of use before scheduling frequent automated runs
2026-08-27,2026-08-28,MetOffice,,G2,"Moderate-class flares likely. G1/Minor Geomagnetic Storm likely Days 1-2 (27-28 Aug), chance G2/Moderate Storm Day 2.",,,"Solar Activity: 
Activity is expected to be Low to Moderate, with further isolated Moderate-class flares likely, and a slight chance of rising to High with a Strong flare.&nbsp;



Solar Wind / Geomagnetic Activity:
 At least two coronal mass ejections from 25 Aug may reach Earth, along with a third, much lower confidence coronal mass ejection. The first two are likely to give a glancing, but potentially combined impact on Day 2 (28 Aug), with any enhancement from the third perhaps prolonging coronal mass ejection influence into Day 3 (29 Aug). A coronal hole fast wind is also expected from Day 1 (27 Aug), with a potential peak wind speed of 450-550km/s.


Geomagnetic activity is expected to begin mostly Quiet, but likely becoming Unsettled to G1/Minor Storm on Day 1 due to the coronal hole fast wind. Any CME influence on Day 2 could bring further Active to G1/Minor Storm intervals, and a chance of G2/Moderate Storms. This activity gradually easing during Day 3, likely becoming Quiet to Unsettled by the end of the period.



Energetic Particles / Solar Radiation:
 The count rate of energetic particles (high energy protons) is most likely to continue at background levels, but with a slight chance of solar radiation reaching S1-S2/Minor-Moderate Radiation Storm.",False,,"prose-parsed; headline covers ~Day 1, summary spans Days 1-4 so this is an approximation — check combined field manually if a score looks off, and expect this parser to need occasional regex updates if Met Office changes their wording"
2026-08-27,2026-08-28,GFZ,,,,,,,,,"GFZ does not forecast flares/protons; Kp forecast is chart-image-only on the public site (no public numeric feed), see https://spaceweather.gfz.de/fileadmin/SW-Monitor/kp_swift_ensemble_LAST.png — read the median/quantile values off the chart and fill in kp_raw manually if you want GFZ included in Kp scoring"
2026-08-28,2026-08-29,NOAA,5.67,G1,R1-R2:30% R3+:5%,C,30,S1+:5%,False,5,"flare_category derived from R-scale (radio blackout) as proxy, not a direct per-class flare probability product"
2026-08-28,2026-08-29,SIDC,,Active,,,,Quiet,False,,scraped from sidc.be forecast box; verify against sidc.be/robots.txt and terms of use before scheduling frequent automated runs
2026-08-28,2026-08-29,MetOffice,,G2,"Chance of Moderate class flares. Minor Geomagnetic Storm likely Day 1 (28 Aug), chance of Moderate Storm.",M,,"Solar Activity: 
Activity is expected to remain Low, with a slight but increasing chance of isolated M-class flares over the coming days.



Solar Wind / Geomagnetic Activity:
 At least two Coronal Mass Ejections (CMEs) from 25 Aug may reach Earth, along with a third, much lower confidence CME. The first two are likely to give a glancing, but potentially combined, impact on Day 1 (28 Aug), with any enhancement from the third perhaps prolonging CME influence into Day 2 (29 Aug). A solar wind enhancement is still expected, arriving early Day 1, potentially peaking with speeds 450-500km/s. There are significant uncertainties regarding the onset of coronal hole fast winds and this may influence the timings of the aforementioned CMEs, potentially resulting in later-than-expected arrivals and reducing confidence in the short-term geomagnetic forecast.


Geomagnetic activity is expected to be Quiet (Kp0-2) initially, before becoming Unsettled to Active (Kp3-4), with G1/Minor Storm (Kp5) intervals likely. There is a Slight Chance of G2/Moderate storm (Kp6) intervals upon any CME impact. Activity then likely to continue into Day 2 before gradually waning into Days 3 and 4.



Energetic Particles / Solar Radiation:
 The count rate of energetic particles (high energy protons) is most likely to continue at background levels, but with a slight chance of solar radiation reaching S1/Minor Radiation Storm.",False,,"prose-parsed; headline covers ~Day 1, summary spans Days 1-4 so this is an approximation — check combined field manually if a score looks off, and expect this parser to need occasional regex updates if Met Office changes their wording"
2026-08-28,2026-08-29,GFZ,,,,,,,,,"GFZ does not forecast flares/protons; Kp forecast is chart-image-only on the public site (no public numeric feed), see https://spaceweather.gfz.de/fileadmin/SW-Monitor/kp_swift_ensemble_LAST.png — read the median/quantile values off the chart and fill in kp_raw manually if you want GFZ included in Kp scoring"
2026-08-29,2026-08-30,NOAA,3.67,Unsettled,R1-R2:25% R3+:1%,C,25,S1+:1%,False,1,"flare_category derived from R-scale (radio blackout) as proxy, not a direct per-class flare probability product"
2026-08-29,2026-08-30,SIDC,,Active,,,,Quiet,False,,scraped from sidc.be forecast box; verify against sidc.be/robots.txt and terms of use before scheduling frequent automated runs
2026-08-29,2026-08-30,MetOffice,,G2,Chance of G1/Minor Geomagnetic Storm and slight chance of G2/Moderate Storm Day 1 (29 Aug). Slight chance of M-class flares.&nbsp;,M,,"Solar Activity: 
Activity is expected to remain Low to Very Low, with a slight but increasing chance of isolated M-class flares over the coming days.



Solar Wind / Geomagnetic Activity:
 At least two CMEs from 25 Aug may reach Earth, along with a third, much lower confidence CME. The first two are currently late, but may still arrive along with the third during Day 1 (29 Aug). The Earth looks to have connected with coronal hole fast winds, albeit fairly weakly so far,&nbsp; with effects from this potentially combining with any CME arrivals, and possibly continuing into Day 2 (30 Aug).&nbsp;


Geomagnetic activity is expected to be Unsettled to Active (Kp3-4) on Day 1 (29 Aug) due to fast solar winds, with occasional G1/Minor Storm (Kp5) intervals likely. There is a Slight Chance of G2/Moderate storm (Kp6) intervals if any of the forecast CMEs also arrive. Enhanced activity may continue into Day 2 (30 Aug) before waning Days 3 and 4 (31 Aug - 01 Sep).



Energetic Particles / Solar Radiation:
 The count rate of energetic particles (high energy protons) is most expected to continue at background levels.",False,,"prose-parsed; headline covers ~Day 1, summary spans Days 1-4 so this is an approximation — check combined field manually if a score looks off, and expect this parser to need occasional regex updates if Met Office changes their wording"
2026-08-29,2026-08-30,GFZ,,,,,,,,,"GFZ does not forecast flares/protons; Kp forecast is chart-image-only on the public site (no public numeric feed), see https://spaceweather.gfz.de/fileadmin/SW-Monitor/kp_swift_ensemble_LAST.png — read the median/quantile values off the chart and fill in kp_raw manually if you want GFZ included in Kp scoring"
2026-08-30,2026-08-31,NOAA,3.0,Unsettled,R1-R2:15% R3+:1%,C,15,S1+:1%,False,1,"flare_category derived from R-scale (radio blackout) as proxy, not a direct per-class flare probability product"
2026-08-30,2026-08-31,SIDC,,Active,,,,Quiet,False,,scraped from sidc.be forecast box; verify against sidc.be/robots.txt and terms of use before scheduling frequent automated runs
2026-08-30,2026-08-31,MetOffice,,Active,"Slight-chance of isolated Moderate-class flares, otherwise no significant Space Weather expected.",M,,"Solar Activity: 
Activity is expected to remain Low to Very Low, with only a slight-chance of increasing to Moderate due to isolated M-class flares.



Solar Wind / Geomagnetic Activity:
 A slow CME may reach Earth on Day 1 (30 Aug). Otherwise, Slightly Elevated winds from an ongoing fast-wind enhancement will ease, with speeds likely reaching normal background on, or before Day 2 (31 Aug). Speeds are expected to remain slow-ambient thereafter.


Geomagnetic activity is forecast to be Quiet to Active on Day 1 (30 Aug) due to minor CH and/or CME influence. By Day 2 (31 Aug) predominantly Quiet activity is expected.



Energetic Particles / Solar Radiation:
 The count rate of energetic particles (high energy protons) is expected to continue at background levels.",False,,"prose-parsed; headline covers ~Day 1, summary spans Days 1-4 so this is an approximation — check combined field manually if a score looks off, and expect this parser to need occasional regex updates if Met Office changes their wording"
2026-08-30,2026-08-31,GFZ,,,,,,,,,"GFZ does not forecast flares/protons; Kp forecast is chart-image-only on the public site (no public numeric feed), see https://spaceweather.gfz.de/fileadmin/SW-Monitor/kp_swift_ensemble_LAST.png — read the median/quantile values off the chart and fill in kp_raw manually if you want GFZ included in Kp scoring"
2026-08-31,2026-09-01,NOAA,1.67,Quiet,R1-R2:10% R3+:1%,C,10,S1+:1%,False,1,"flare_category derived from R-scale (radio blackout) as proxy, not a direct per-class flare probability product"
2026-08-31,2026-09-01,SIDC,,Quiet,,,,Quiet,False,,scraped from sidc.be forecast box; verify against sidc.be/robots.txt and terms of use before scheduling frequent automated runs
2026-08-31,2026-09-01,MetOffice,,Unsettled,Slight-chance of Moderate-class flares.,M,,"Solar Activity: 
Activity is expected to remain Low to Very Low, with a slight-chance of Moderate if an isolated M-class flare is observed.



Solar Wind / Geomagnetic Activity:
 No Earth-directed CMEs are currently forecast.


Slightly Elevated solar winds are likely to continue on Days 1 and 2 (31 Aug and 01 Sep). Thereafter speeds easing and reducing to normal Low levels.


Geomagnetic activity is forecast to be Quiet to Unsettled on Day 1 (31 Aug), then expected to be Quiet from Day 2 (01 Sep) onwards.



Energetic Particles / Solar Radiation:
 The count rate of energetic particles (high energy protons) is expected to continue at background levels.",False,,"prose-parsed; headline covers ~Day 1, summary spans Days 1-4 so this is an approximation — check combined field manually if a score looks off, and expect this parser to need occasional regex updates if Met Office changes their wording"
2026-08-31,2026-09-01,GFZ,,,,,,,,,"GFZ does not forecast flares/protons; Kp forecast is chart-image-only on the public site (no public numeric feed), see https://spaceweather.gfz.de/fileadmin/SW-Monitor/kp_swift_ensemble_LAST.png — read the median/quantile values off the chart and fill in kp_raw manually if you want GFZ included in Kp scoring"
2026-09-01,2026-09-02,NOAA,2.0,Quiet,R1-R2:10% R3+:1%,C,10,S1+:1%,False,1,"flare_category derived from R-scale (radio blackout) as proxy, not a direct per-class flare probability product"
2026-09-01,2026-09-02,SIDC,,Quiet,,,,Quiet,False,,scraped from sidc.be forecast box; verify against sidc.be/robots.txt and terms of use before scheduling frequent automated runs
2026-09-01,2026-09-02,MetOffice,,Unsettled,Slight-chance of Moderate-class flares.,,,"Solar Activity: 
Activity is expected to remain Low, with a slight-chance of Moderate levels from any isolated Moderate-class flares.



Solar Wind / Geomagnetic Activity:
 No Earth-directed Coronal Mass Ejections are currently forecast. Solar winds are expected to remain Slow during Day 1 (1 Sep), with no further significant enhancements expected.


Geomagnetic activity is forecast to be Quiet to Unsettled on Day 1 (1 Sep), then expected to be Quiet from Day 2 (02 Sep).



Energetic Particles / Solar Radiation:&nbsp;
GOES-18 &gt;10MeV proton flux is expected to continue at background levels.&nbsp;",False,,"prose-parsed; headline covers ~Day 1, summary spans Days 1-4 so this is an approximation — check combined field manually if a score looks off, and expect this parser to need occasional regex updates if Met Office changes their wording"
2026-09-01,2026-09-02,GFZ,,,,,,,,,"GFZ does not forecast flares/protons; Kp forecast is chart-image-only on the public site (no public numeric feed), see https://spaceweather.gfz.de/fileadmin/SW-Monitor/kp_swift_ensemble_LAST.png — read the median/quantile values off the chart and fill in kp_raw manually if you want GFZ included in Kp scoring"
2026-09-02,2026-09-03,NOAA,1.67,Quiet,R1-R2:10% R3+:1%,C,10,S1+:1%,False,1,"flare_category derived from R-scale (radio blackout) as proxy, not a direct per-class flare probability product"
2026-09-02,2026-09-03,SIDC,,Quiet,,,,Quiet,False,,scraped from sidc.be forecast box; verify against sidc.be/robots.txt and terms of use before scheduling frequent automated runs
2026-09-02,2026-09-03,MetOffice,,Unsettled,Slight-chance of Moderate-class flares.,,,"Solar Activity: 
Activity is expected to remain Low or Very Low, with a slight-chance of Moderate levels from any isolated Moderate-class flares.



Solar Wind / Geomagnetic Activity:
 No Earth-directed Coronal Mass Ejections are currently forecast. Solar winds are expected to remain Slow or slightly elevated throughout the period, with no significant enhancements likely.


Geomagnetic activity is forecast to be mostly Quiet with a Chance of some Unsettled intervals.



Energetic Particles / Solar Radiation:&nbsp;
GOES-18 &gt;10MeV proton flux is expected to continue at background levels.",False,,"prose-parsed; headline covers ~Day 1, summary spans Days 1-4 so this is an approximation — check combined field manually if a score looks off, and expect this parser to need occasional regex updates if Met Office changes their wording"
2026-09-02,2026-09-03,GFZ,,,,,,,,,"GFZ does not forecast flares/protons; Kp forecast is chart-image-only on the public site (no public numeric feed), see https://spaceweather.gfz.de/fileadmin/SW-Monitor/kp_swift_ensemble_LAST.png — read the median/quantile values off the chart and fill in kp_raw manually if you want GFZ included in Kp scoring"
2026-09-03,2026-09-04,NOAA,1.67,Quiet,R1-R2:15% R3+:1%,C,15,S1+:5%,False,5,"flare_category derived from R-scale (radio blackout) as proxy, not a direct per-class flare probability product"
2026-09-03,2026-09-04,SIDC,,Quiet,,,,Quiet,False,,scraped from sidc.be forecast box; verify against sidc.be/robots.txt and terms of use before scheduling frequent automated runs
2026-09-03,2026-09-04,MetOffice,,G1,Chance of Moderate&nbsp;(R1-R2)&nbsp;class flares.,,,"Solar Activity: 
Activity is likely to continue to be Low to Moderate with a chance of further Moderate class flares from the NEW region as it continues to rotate further onto the visible disc.&nbsp;



Solar Wind / Geomagnetic Activity:
 A very weak CME from 2 September may give a low-confidence, glancing impact on Day 4 (6 Sep), with only minor effects expected. Coronal hole fast winds may also become geoeffective around Day 4, but this also low confidence. Otherwise background solar winds are expected.


Geomagnetic activity is expected to be mostly Quiet (Kp0-2), but may increase to Unsettled to Active (Kp3-4) on Day 4 (6 Sep) if fast winds from CH91/+ or a glancing impact from the weak CME are observed. This would also give a slight chance of isolated Minor storm/G1 (Kp 5) intervals.



Energetic Particles / Solar Radiation: 
The count rate of energetic particles (high energy protons) at geostationary orbit is expected to be at Background. No Solar Radiation Storms are forecast.&nbsp;",False,,"prose-parsed; headline covers ~Day 1, summary spans Days 1-4 so this is an approximation — check combined field manually if a score looks off, and expect this parser to need occasional regex updates if Met Office changes their wording"
2026-09-03,2026-09-04,GFZ,,,,,,,,,"GFZ does not forecast flares/protons; Kp forecast is chart-image-only on the public site (no public numeric feed), see https://spaceweather.gfz.de/fileadmin/SW-Monitor/kp_swift_ensemble_LAST.png — read the median/quantile values off the chart and fill in kp_raw manually if you want GFZ included in Kp scoring"
2026-09-04,2026-09-05,NOAA,1.67,Quiet,R1-R2:20% R3+:1%,C,20,S1+:1%,False,1,"flare_category derived from R-scale (radio blackout) as proxy, not a direct per-class flare probability product"
2026-09-04,2026-09-05,SIDC,,Quiet,,,,Quiet,False,,scraped from sidc.be forecast box; verify against sidc.be/robots.txt and terms of use before scheduling frequent automated runs
2026-09-04,2026-09-05,MetOffice,,G1,"Chance of Moderate (R1-R2) class flares, slight chance of an isolated Strong class flare (R3).",,,"Solar Activity:&nbsp;
Activity is likely to become Moderate with further Moderate flares likely and a slight chance of an isolated strong flare, most likely from the returning region currently just over the northeast limb.&nbsp;



Solar Wind / Geomagnetic Activity:
 A very weak CME from 02 Sep may give a low-confidence, possible impact on Days 3-4 (06-07 Sep), but with only minor effects expected. Coronal hole fast winds may also become geoeffective around from later Day 3, but this also low confidence. Otherwise background solar winds are expected.


Geomagnetic activity is expected to be mostly Quiet (Kp0-2), but may increase to Unsettled to Active (Kp3-4) on Days 3-4 (06-07 Sep) if fast winds from CH91/+ or a impact from the slow CME are observed. This would also give a slight chance of isolated Minor storm/G1 (Kp5) intervals.



Energetic Particles / Solar Radiation: 
The number of energetic particles (high energy proton&nbsp;flux) is forecast to remain at background, with no solar radiation storms expected.",False,,"prose-parsed; headline covers ~Day 1, summary spans Days 1-4 so this is an approximation — check combined field manually if a score looks off, and expect this parser to need occasional regex updates if Met Office changes their wording"
2026-09-04,2026-09-05,GFZ,,,,,,,,,"GFZ does not forecast flares/protons; Kp forecast is chart-image-only on the public site (no public numeric feed), see https://spaceweather.gfz.de/fileadmin/SW-Monitor/kp_swift_ensemble_LAST.png — read the median/quantile values off the chart and fill in kp_raw manually if you want GFZ included in Kp scoring"
2026-09-05,2026-09-06,NOAA,1.67,Quiet,R1-R2:20% R3+:1%,C,20,S1+:1%,False,1,"flare_category derived from R-scale (radio blackout) as proxy, not a direct per-class flare probability product"
2026-09-05,2026-09-06,SIDC,,Quiet,,,,Quiet,False,,scraped from sidc.be forecast box; verify against sidc.be/robots.txt and terms of use before scheduling frequent automated runs
2026-09-05,2026-09-06,MetOffice,,G1,"Likelihood of Moderate class flares, slight chance of isolated Strong class flares. &nbsp;",X,,"Solar Activity: 
Moderate Activity is likely with further isolated Moderate flares and a slight chance of an isolated Strong (X-class) flare, most likely from the new regions near the northeast limb.



Solar Wind / Geomagnetic Activity:
 A weak CME from 02 Sep may give a slight enhancement on passing either later day 2 or day 3 (06-07 Sep), although confidence is low. A coronal hole is also expected to bring faster solar winds through a similar period, although confidence is low on timing and strength. Geomagnetic activity is expected to be mostly Quiet (Kp0-2), likely increasing to Unsettled to Active (Kp3-4) on days 2-3 (06-07 Sep), with a chance of an isolated Minor storm/G1 (Kp5) intervals, most likely on day 3 (07 Sep), before gradually waning on day 4 (08 Sep).



Energetic Particles / Solar Radiation: 
The number of energetic particles (high energy proton flux) is forecast to remain at Background, with no Solar Radiation Storms expected.",False,,"prose-parsed; headline covers ~Day 1, summary spans Days 1-4 so this is an approximation — check combined field manually if a score looks off, and expect this parser to need occasional regex updates if Met Office changes their wording"
2026-09-05,2026-09-06,GFZ,,,,,,,,,"GFZ does not forecast flares/protons; Kp forecast is chart-image-only on the public site (no public numeric feed), see https://spaceweather.gfz.de/fileadmin/SW-Monitor/kp_swift_ensemble_LAST.png — read the median/quantile values off the chart and fill in kp_raw manually if you want GFZ included in Kp scoring"
2026-09-06,2026-09-07,NOAA,3.67,Unsettled,R1-R2:20% R3+:1%,C,20,S1+:10%,False,10,"flare_category derived from R-scale (radio blackout) as proxy, not a direct per-class flare probability product"
2026-09-06,2026-09-07,SIDC,,G1,,,,Quiet,False,,scraped from sidc.be forecast box; verify against sidc.be/robots.txt and terms of use before scheduling frequent automated runs
2026-09-06,2026-09-07,MetOffice,,G1,"Chance of Moderate class flares, slight chance of isolated Strong class flares. Declining S1 solar radiation storm.&nbsp;",X,,"Solar Activity: 
Low-Moderate activity is likely with a chance of further isolated M-class flares and a slight chance of an isolated X-class flare, most likely from the regions close to the east limb.



Solar Wind / Geomagnetic Activity:
 A weak CME from 02 Sep may give a slight enhancement on passing either later day 1 or day 2 (06-07 Sep), although confidence is low. A coronal hole is also expected to bring faster solar winds through a similar period, although confidence is low on timing and strength. Geomagnetic activity is expected to be mostly Quiet (Kp0-2), likely increasing to Unsettled to Active (Kp3-4) on days 1-2 (06-07 Sep), with a chance of an isolated Minor storm/G1 (Kp5) intervals, most likely on day 2 (07 Sep), before gradually waning on day 3 (08 Sep).



Energetic Particles / Solar Radiation: 
The number of energetic particles (high energy proton flux) is forecast to remain at Background, with no Solar Radiation Storms expected.",False,,"prose-parsed; headline covers ~Day 1, summary spans Days 1-4 so this is an approximation — check combined field manually if a score looks off, and expect this parser to need occasional regex updates if Met Office changes their wording"
2026-09-06,2026-09-07,GFZ,,,,,,,,,"GFZ does not forecast flares/protons; Kp forecast is chart-image-only on the public site (no public numeric feed), see https://spaceweather.gfz.de/fileadmin/SW-Monitor/kp_swift_ensemble_LAST.png — read the median/quantile values off the chart and fill in kp_raw manually if you want GFZ included in Kp scoring"
2026-09-07,2026-09-08,NOAA,4.67,Active,R1-R2:15% R3+:1%,C,15,S1+:1%,False,1,"flare_category derived from R-scale (radio blackout) as proxy, not a direct per-class flare probability product"
2026-09-07,2026-09-08,SIDC,,Active,,,,Quiet,False,,scraped from sidc.be forecast box; verify against sidc.be/robots.txt and terms of use before scheduling frequent automated runs
2026-09-07,2026-09-08,MetOffice,,G2,"Chance of Moderate Geomagnetic Storm G2 from later in UTC day 08 September, through midweek.",,,"Solar Activity: 
There is a slight chance of mainly low activity increasing to moderate before midweek UTC, perhaps rising to a chance thereafter due to the expected return of a far-sided active region. No significant departures are due in the period.





Solar Wind / Geomagnetic Activity:
 The geomagnetic forecast is complex. the only 'coronal hole' fast wind-derived component is due imminently and may result in a peak chance of Minor geomagnetic storm G1 in the first 24 hours. This may see a contribution from a close pass from a minor 02 September CME, with up to three other CMEs then due past Earth from later 08 September. These CMEs give a broad peak chance of Moderate geomagnetic storm G2 straddling these UTC days, with the peak risk centred on the midnight dividing them, but perhaps earlier than previous guidance given revised modelling. Confidence lowers later in the forecast period, with the tail of these CMEs' influence fading. Any new CME in the last 24 hours (discussed above would probably alter the tail of this four-day forecast, with a new coronal hole fast wind then also arriving before the UTC weekend.



Energetic Particles / Solar Radiation:&nbsp;
Solar radiation is now near resting background. There is a slightly higher residual risk than is typical for the current cohort of sunspot regions, although the daily risk is still slight.",False,,"prose-parsed; headline covers ~Day 1, summary spans Days 1-4 so this is an approximation — check combined field manually if a score looks off, and expect this parser to need occasional regex updates if Met Office changes their wording"
2026-09-07,2026-09-08,GFZ,,,,,,,,,"GFZ does not forecast flares/protons; Kp forecast is chart-image-only on the public site (no public numeric feed), see https://spaceweather.gfz.de/fileadmin/SW-Monitor/kp_swift_ensemble_LAST.png — read the median/quantile values off the chart and fill in kp_raw manually if you want GFZ included in Kp scoring"
2026-09-08,2026-09-09,NOAA,5.0,G1,R1-R2:15% R3+:1%,C,15,S1+:1%,False,1,"flare_category derived from R-scale (radio blackout) as proxy, not a direct per-class flare probability product"
2026-09-08,2026-09-09,SIDC,,Active,,,,Quiet,False,,scraped from sidc.be forecast box; verify against sidc.be/robots.txt and terms of use before scheduling frequent automated runs
2026-09-08,2026-09-09,MetOffice,,G2,Chance of Moderate Geomagnetic Storm G2 days 1 and 2 (8/9 Sep),,,"Solar Activity: 
There is a slight chance of mainly low activity increasing to moderate on day 1 (8 Sep) perhaps rising to a chance thereafter due to the expected return of a far-sided active region. No significant departures are due in the period.





Solar Wind / Geomagnetic Activity:
 The geomagnetic forecast is complex.&nbsp; Earth has connected with the fast wind from CH91/+, this may result in a peak Chance of G1 in the first 24 hours. Up to three&nbsp; CMEs are then due to connect with Earth from later day 1 (8 Sep) into Day 2 (9 Sep). These CMEs give a broad peak Chance of Moderate geomagnetic storm G2 straddling these&nbsp;days, with the peak risk centred on the midnight dividing them, but perhaps earlier than previous guidance given revised modelling. Confidence lowers later in the forecast period, with the tail of these CMEs' influence fading. Later on day 4 (11 Sep) a fast wind from CH92/+ may also connect with Earth, this is a non-recurrent feature and confidence is low.



Energetic Particles / Solar Radiation: 
Solar radiation is now near resting background. There is a slightly higher residual risk than is typical for the current cohort of sunspot regions, although the daily risk is still slight.",False,,"prose-parsed; headline covers ~Day 1, summary spans Days 1-4 so this is an approximation — check combined field manually if a score looks off, and expect this parser to need occasional regex updates if Met Office changes their wording"
2026-09-08,2026-09-09,GFZ,,,,,,,,,"GFZ does not forecast flares/protons; Kp forecast is chart-image-only on the public site (no public numeric feed), see https://spaceweather.gfz.de/fileadmin/SW-Monitor/kp_swift_ensemble_LAST.png — read the median/quantile values off the chart and fill in kp_raw manually if you want GFZ included in Kp scoring"
2026-09-09,2026-09-10,NOAA,3.0,Unsettled,R1-R2:10% R3+:1%,C,10,S1+:1%,False,1,"flare_category derived from R-scale (radio blackout) as proxy, not a direct per-class flare probability product"
2026-09-09,2026-09-10,SIDC,,G1,,,,Quiet,False,,scraped from sidc.be forecast box; verify against sidc.be/robots.txt and terms of use before scheduling frequent automated runs
2026-09-09,2026-09-10,MetOffice,,G1,"&nbsp; Chance of G1/Minor storm, mainly Day 3 (11 Sep).",,,"Solar Activity: 
Solar Activity is likely to be Low or Very Low, but with a slight chance of Moderate-class flares, this increasing a little when a potential far side region rotates onto the disc.





Solar Wind / Geomagnetic Activity:
 &nbsp;Coronal hole high-speed stream influence waned through the past 24 hours, with solar wind speeds declining close to 400 km/s. Of the potentially three forecast CMEs, only one arrival has been observed so far, occurring at approximately 09/0410 UTC, considerably later than anticipated. The CME arrival has had only modest impact on the solar wind, rising to a peak near 460km/s. Should any further CME arrivals occur, they are also expected to have only limited effects, with solar wind speeds most likely continuing at Slightly Elevated levels.


Finally, a further coronal hole, CH92/+, may bring an additional high-speed stream, potentially driving solar wind speeds back above 500 km/s late on Day 3 and into Day 4 (11-12 Sep). However, this feature is not recurrent, resulting in low confidence in both the timing of arrival and the magnitude of any associated solar wind enhancement.


As a result, geomagnetic activity is expected to remain predominantly Quiet to Unsettled, with an initial slight chance of isolated Active to G1/Minor Storm intervals through Days 1-2 (09-10 Sep). Activity is then expected to increase towards the end of Day 3 (11 Sep), with Active to G1 (Minor Storm) conditions becoming possible late on 11 Sep and continuing into 12 Sep with the arrival of the CH92/+ high-speed stream.



Energetic Particles / Solar Radiation: 
Solar radiation is now at background, with a very slight chance of further enhancements above the S1/Minor Radiation Storm threshold.",False,,"prose-parsed; headline covers ~Day 1, summary spans Days 1-4 so this is an approximation — check combined field manually if a score looks off, and expect this parser to need occasional regex updates if Met Office changes their wording"
2026-09-09,2026-09-10,GFZ,,,,,,,,,"GFZ does not forecast flares/protons; Kp forecast is chart-image-only on the public site (no public numeric feed), see https://spaceweather.gfz.de/fileadmin/SW-Monitor/kp_swift_ensemble_LAST.png — read the median/quantile values off the chart and fill in kp_raw manually if you want GFZ included in Kp scoring"
2026-09-10,2026-09-11,NOAA,3.0,Unsettled,R1-R2:10% R3+:1%,C,10,S1+:1%,False,1,"flare_category derived from R-scale (radio blackout) as proxy, not a direct per-class flare probability product"
2026-09-10,2026-09-11,SIDC,,Active,,,,Quiet,False,,scraped from sidc.be forecast box; verify against sidc.be/robots.txt and terms of use before scheduling frequent automated runs
2026-09-10,2026-09-11,MetOffice,,G1,"&nbsp; Chance of G1/Minor storm, Day 2 (11 Sep).",M,,"Solar Activity: S
olar activity is expected to remain Low to Very Low, although there is a slight chance of isolated M-class flaring.



Solar Wind / Geomagnetic Activity:
&nbsp;Earth continues to experience the influence of a magnetic cloud associated with one or possibly two weak CMEs, with solar wind speeds currently around 460 km/s.&nbsp;


A coronal hole, CH92/+, may bring a high-speed stream, potentially driving solar wind speeds back above 500 km/s late on Day 2 and into Day 3 (11-12 Sep). However, this feature is not recurrent, resulting in low confidence in both the timing of arrival and the magnitude of any associated solar wind enhancement.


As a result, geomagnetic activity is expected to remain predominantly Quiet to Unsettled, with a slight chance of isolated Active intervals through Day 1 (10 Sep). Activity is then expected to increase late on Day 2 (11 Sep) as the CH92/+ high-speed stream begins to influence Earth, bringing a chance of Active to G1 (Minor Storm) conditions from late 11 Sep into 12 Sep. Thereafter, activity is expected to gradually subside, with predominantly Quiet to Unsettled conditions likely on Day 4 (13 Sep).



Energetic Particles / Solar Radiation: 
Solar radiation is now at background, with a very slight chance of further enhancements above the S1/Minor Radiation Storm threshold.",False,,"prose-parsed; headline covers ~Day 1, summary spans Days 1-4 so this is an approximation — check combined field manually if a score looks off, and expect this parser to need occasional regex updates if Met Office changes their wording"
2026-09-10,2026-09-11,GFZ,,,,,,,,,"GFZ does not forecast flares/protons; Kp forecast is chart-image-only on the public site (no public numeric feed), see https://spaceweather.gfz.de/fileadmin/SW-Monitor/kp_swift_ensemble_LAST.png — read the median/quantile values off the chart and fill in kp_raw manually if you want GFZ included in Kp scoring"
2026-09-11,2026-09-12,NOAA,2.67,Quiet,R1-R2:10% R3+:1%,C,10,S1+:1%,False,1,"flare_category derived from R-scale (radio blackout) as proxy, not a direct per-class flare probability product"
2026-09-11,2026-09-12,SIDC,,Quiet,,,,Quiet,False,,scraped from sidc.be forecast box; verify against sidc.be/robots.txt and terms of use before scheduling frequent automated runs
2026-09-11,2026-09-12,MetOffice,,G1,Chance of Minor Geomagnetic Storm G1 into UTC weekend and into new UTC working week.,,,"Solar Activity: 
Solar activity is expected to remain Low to Very Low. There is a gradual increasing slight chance of isolated Moderate-class x-ray flares, given up to two further regions' arriving over the eastern solar horizon over the UTC weekend.



Solar Wind / Geomagnetic Activity:
 The geomagnetic forecast is of low confidence, due to a non-recurrent 'coronal hole' fast wind and then a possible CME arrival on Day 4 (14 Sep).


All considered, there is a chance of Minor Geomagnetic Storm G1 from a coronal hole later Friday 11 September, and then a slight chance of G1 from a second coronal hole and any minor CME effects at the very end of Day 3 (13 Sep) with the full effects probably falling on Day 4 (14 Sep).



Energetic Particles / Solar Radiation: 
There is a slight chance of further enhancements above the S1/Minor Solar Radiation Storm threshold given the most active sunspot region's westward progress and development.",True,,"prose-parsed; headline covers ~Day 1, summary spans Days 1-4 so this is an approximation — check combined field manually if a score looks off, and expect this parser to need occasional regex updates if Met Office changes their wording"
2026-09-11,2026-09-12,GFZ,,,,,,,,,"GFZ does not forecast flares/protons; Kp forecast is chart-image-only on the public site (no public numeric feed), see https://spaceweather.gfz.de/fileadmin/SW-Monitor/kp_swift_ensemble_LAST.png — read the median/quantile values off the chart and fill in kp_raw manually if you want GFZ included in Kp scoring"
2026-09-12,2026-09-13,NOAA,3.33,Unsettled,R1-R2:10% R3+:1%,C,10,S1+:1%,False,1,"flare_category derived from R-scale (radio blackout) as proxy, not a direct per-class flare probability product"
2026-09-12,2026-09-13,SIDC,,Quiet,,,,Quiet,False,,scraped from sidc.be forecast box; verify against sidc.be/robots.txt and terms of use before scheduling frequent automated runs
2026-09-12,2026-09-13,MetOffice,,G1,Chance of Minor Geomagnetic Storm G1 into UTC weekend and into new UTC working week.,,,"Solar Activity: 
Solar activity is expected to remain Low to Very Low. There is a slight chance of isolated Moderate-class X-ray flares.



Solar Wind / Geomagnetic Activity:
 The geomagnetic forecast is of low confidence, due to a non-recurrent 'coronal hole' fast wind and then another coronal hole fast wind and a possible CME arrival on Day 3 (14 Sep).


All considered, there is a Chance of G1 from a coronal hole fast wind early Day 1 (12 Sep), and then a Slight Chance of G1 from another coronal hole fast wind, this feature is located in the southeast, and any minor CME effects at the very end of Day 2 (13 Sep) and into Day 3 (14 Sep). Any enhancement gradually waning on Day 4 (15 Sep).



Energetic Particles / Solar Radiation: 
There is a slight chance of further enhancements above the S1/Minor Solar Radiation Storm threshold given the most active sunspot region's westward progress and development.",True,,"prose-parsed; headline covers ~Day 1, summary spans Days 1-4 so this is an approximation — check combined field manually if a score looks off, and expect this parser to need occasional regex updates if Met Office changes their wording"
2026-09-12,2026-09-13,GFZ,,,,,,,,,"GFZ does not forecast flares/protons; Kp forecast is chart-image-only on the public site (no public numeric feed), see https://spaceweather.gfz.de/fileadmin/SW-Monitor/kp_swift_ensemble_LAST.png — read the median/quantile values off the chart and fill in kp_raw manually if you want GFZ included in Kp scoring"
2026-09-13,2026-09-14,NOAA,3.67,Unsettled,R1-R2:10% R3+:1%,C,10,S1+:1%,False,1,"flare_category derived from R-scale (radio blackout) as proxy, not a direct per-class flare probability product"
2026-09-13,2026-09-14,SIDC,,Active,,,,Quiet,False,,scraped from sidc.be forecast box; verify against sidc.be/robots.txt and terms of use before scheduling frequent automated runs
2026-09-13,2026-09-14,MetOffice,,G1,Increased geomagnetic activity expected in the coming days.,,,"Solar Activity: 
Solar activity is expected to remain Low or Very Low with only a slight chance of reaching Moderate levels should any isolated Moderate-class flares occur.



Solar Wind / Geomagnetic Activity:
 A low-confidence, but very slow Coronal Mass Ejection could arrive at Earth on Day 2 (14 Sep), but any effects (should an impact occur) are expected to be minor.&nbsp;


&nbsp;The next significant solar wind enhancement is due to take place between late Day 1 (13 Sep) and early Day 2 (14 Sep) with the transition into the fast winds of a coronal hole. This is a persistent feature and matches well with an equivalent position relative to 27-day recurrence, so similar wind are expected. Solar wind speeds on the last rotation reached around 400km/s on the equivalent of early Day 2, then increasing to around 550-600km/s (elevated to strong) into early Day 3 (15 Sep).


On Day 3 (15 Sep) a second recurrent fast wind enhancement is expected from another coronal hole. This feature may connect with Earth earlier than the equivalent period on the last rotation. Solar winds of around 600km/s were observed previously and it is considered likely that similarly high speeds will be reached between Days 3 and 4 (15-16 Sep).&nbsp;


Geomagnetic activity will start the period at Quiet or perhaps Unsettled levels, increasing later on Day 1 (13 Sep) with peak Active levels likely and a slight chance of Kp5/G1 intervals occurring. Into Day 2 and 3 (14 and 15 Sep), mainly Unsettled to Active geomagnetic activity is forecast, but with a reasonable chance of isolated Kp5/G1 intervals being observed. During Day 4 (16 Sep) activity should be at Quiet to Active levels, with a decreasing likelihood of higher levels of geomagnetic activity over time.



Energetic Particles / Solar Radiation:&nbsp;
GOES18 &gt;10MeV proton flux is at background with no Solar Radiation storms expected.",False,,"prose-parsed; headline covers ~Day 1, summary spans Days 1-4 so this is an approximation — check combined field manually if a score looks off, and expect this parser to need occasional regex updates if Met Office changes their wording"
2026-09-13,2026-09-14,GFZ,,,,,,,,,"GFZ does not forecast flares/protons; Kp forecast is chart-image-only on the public site (no public numeric feed), see https://spaceweather.gfz.de/fileadmin/SW-Monitor/kp_swift_ensemble_LAST.png — read the median/quantile values off the chart and fill in kp_raw manually if you want GFZ included in Kp scoring"
2026-09-14,2026-09-15,NOAA,3.67,Unsettled,R1-R2:5% R3+:1%,C,5,S1+:1%,False,1,"flare_category derived from R-scale (radio blackout) as proxy, not a direct per-class flare probability product"
2026-09-14,2026-09-15,SIDC,,Quiet,,,,Warning condition,,,scraped from sidc.be forecast box; verify against sidc.be/robots.txt and terms of use before scheduling frequent automated runs
2026-09-14,2026-09-15,MetOffice,,G1,&nbsp;Chance of G1/Minor Geomagnetic Storms days 1 and 2.,,,"Solar Activity: 
Solar activity is expected to remain Low or Very Low with only a slight chance of reaching Moderate levels should any isolated Moderate-class flares occur.



Solar Wind / Geomagnetic Activity: 
The weak enhancement to the solar winds on afternoon of 13 Sept may be attributed to a coronal hole and although this was more muted than expected this could continue to have some effects on Day 1 (14 Sept). The CME from 9 Sept arrived around 14/0240 UTC and again had little effect on the solar winds or geomagnetic activity but some effects from this on Day 1 are possible. The next enhancement, from another coronal hole, is expected to be more considerable. It is slightly larger and further west than the previous rotation. Connection to the fast winds is likely late on Day 2 or early Day 3 (15-16 Sept). &nbsp;Solar winds of around 600km/s were observed at L1 previously and it is considered likely that similarly Strong speeds will be observed between Days 2 and 3 (15-16 Sep), before gradually easing back to Slightly Elevated levels by Day 4 (17 Sep). There is also the chance of a glancing blow from a CME originating from a filament eruption on 13 Sept, which may arrive early on Day 3 (16 Sept), though there is uncertainty with regards the timing.


Geomagnetic activity is expected to be Quiet to Unsettled (Kp0-3) initially. There is then a chance of Active to G1/Minor storms (Kp4-5) at times later on day 1 and on day 2 (14-15 Sep) due to combined Coronal Mass Ejection and multiple coronal hole fast wind effects. From day 3 onward (16-17) mostly Quiet to Unsettled conditions should return as the fast winds wane.



Energetic Particles / Solar Radiation:&nbsp;
GOES18 &gt;10MeV proton flux is at background with no Solar Radiation storms expected.",False,,"prose-parsed; headline covers ~Day 1, summary spans Days 1-4 so this is an approximation — check combined field manually if a score looks off, and expect this parser to need occasional regex updates if Met Office changes their wording"
2026-09-14,2026-09-15,GFZ,,,,,,,,,"GFZ does not forecast flares/protons; Kp forecast is chart-image-only on the public site (no public numeric feed), see https://spaceweather.gfz.de/fileadmin/SW-Monitor/kp_swift_ensemble_LAST.png — read the median/quantile values off the chart and fill in kp_raw manually if you want GFZ included in Kp scoring"
2026-09-15,2026-09-16,NOAA,4.67,Active,R1-R2:10% R3+:1%,C,10,S1+:20%,False,20,"flare_category derived from R-scale (radio blackout) as proxy, not a direct per-class flare probability product"
2026-09-15,2026-09-16,SIDC,,G1,,,,Quiet,False,,scraped from sidc.be forecast box; verify against sidc.be/robots.txt and terms of use before scheduling frequent automated runs
2026-09-15,2026-09-16,MetOffice,,G3,Chance of G1/Minor and slight chance of G2/Moderate days 1 and 3. Likely G1/Minor with chance G2/Moderate and slight chance of G3/Strong day 2. Chance of S1/Minor day 1.,,,"Solar Activity: 
Solar activity is expected to remain Low or Very Low with only a slight chance of reaching Moderate levels should any isolated Moderate-class flares occur.



Solar Wind / Geomagnetic Activity: 
Two coronal mass ejections feature in the forecast, both filament eruption from the southwest quadrant, one from 13 Sep and another from 14 Sep. Both bring a chance of arrival early and late on 16 Sep respectively, with glancing impacts most likely.&nbsp;


There are two coronal holes that feature in the forecast, the first is in the southwest followed by one in the northwest. The weak enhancement seen for the majority of the past 24 hours is attributed to the southern coronal hole. The second enhancement is likely now be being seen at Earth, with speeds showing a sharp to strong levels in the last hour. This enhancement is expected to be more considerable. Strong speeds may now be observed from later day 1 until day 3 (15-17 Sep), before gradually easing back to Slightly Elevated levels later day 3 or on day 4 (17-18 Sep).


Geomagnetic activity is expected to be Unsettled to Active (Kp3-4), with a chance of G1/Minor storms (Kp5) at times day 1 (15 Sep) due to multiple CH HSS effects, with a slight chance of G2/Moderate (Kp6) storm intervals late in the period should the 13 Sep CME arrive early. On day 2, (16 Sep) combined CH HSS and possible CME glancing blows early and late, bringing likely G1/Minor (Kp5), Chance of G2/Moderate (Kp6) and slight chance of G3/Strong (Kp7) storming. Day 3 (17 Sep) will see lingering HSS effects and perhaps residual CME effects with a chance of G1/Minor (Kp5) and a slight chance of isolated G2/Moderate (Kp6) intervals. Day 4 should return to largely Quiet to Unsettled (Kp0-3) as HSS influences wane.



Energetic Particles / Solar Radiation: 
Proton flux has returned to background levels following earlier enhancement. Further enhancements are considered unlikely due to the lack of complexity on the disc, but there is a slight chance of seeing some slight proton enhancement ahead of the possible, glancing CMEs expected on the 16 September.",False,,"prose-parsed; headline covers ~Day 1, summary spans Days 1-4 so this is an approximation — check combined field manually if a score looks off, and expect this parser to need occasional regex updates if Met Office changes their wording"
2026-09-15,2026-09-16,GFZ,,,,,,,,,"GFZ does not forecast flares/protons; Kp forecast is chart-image-only on the public site (no public numeric feed), see https://spaceweather.gfz.de/fileadmin/SW-Monitor/kp_swift_ensemble_LAST.png — read the median/quantile values off the chart and fill in kp_raw manually if you want GFZ included in Kp scoring"
2026-09-16,2026-09-17,NOAA,4.67,Active,R1-R2:5% R3+:1%,C,5,S1+:1%,False,1,"flare_category derived from R-scale (radio blackout) as proxy, not a direct per-class flare probability product"
2026-09-16,2026-09-17,SIDC,,G1,,,,Quiet,False,,scraped from sidc.be forecast box; verify against sidc.be/robots.txt and terms of use before scheduling frequent automated runs
2026-09-16,2026-09-17,MetOffice,,G3,"Likely G1/Minor with chance G2/Moderate and slight chance of G3/Strong day 1, lowering risk into day 2.&nbsp;",,,"Solar Activity: 
Solar activity is expected to remain Low or Very Low with only a slight chance of reaching Moderate levels should any isolated Moderate-class flares occur.



Solar Wind / Geomagnetic Activity: 
Two coronal mass ejections feature in the forecast, both filament eruptions from the southwest quadrant, one from 13 Sep and another from 14 Sep. Both bring a chance of arrival early and late on day 1 (16 Sep) respectively, with glancing impacts most likely.&nbsp;


The recent increases in solar wind speeds is likely due to the Earth skirting along the southern edge of a northerly positioned high speed stream. Similar increases, and subsequent decreases, in wind speeds are possible through days 1-2 (16-17 Sep), and along with any CME arrivals could see periods of Strong wind speeds and increased geomagnetic activity. Wind speeds are then expected to decline back to more background levels from day 3 (18 Sep).


Geomagnetic activity is expected to be mostly Quiet to Active (Kp2-4) on day 1 (16 Sep), with a likelihood of G1/Minor (Kp5), Chance of G2/Moderate (Kp6) and slight chance of G3/Strong (Kp7) storming should any CME arrivals combine with ongoing fast wind effects. Day 2 (17 Sep) may see lingering fast wind effects and perhaps residual CME effects with a chance of G1/Minor (Kp5) and a slight chance of isolated G2/Moderate (Kp6) intervals. Days 3 and 4 (18-19 Sep) should see a return to largely Quiet to Unsettled (Kp0-3).



Energetic Particles / Solar Radiation: 
Proton flux has returned to background levels following a recent enhancement. Further enhancements are considered unlikely due to the lack of complexity on the disc, but there is a slight chance of seeing some slight proton enhancement ahead of the possible glancing CMEs expected on day 1 (16 Sep).",False,,"prose-parsed; headline covers ~Day 1, summary spans Days 1-4 so this is an approximation — check combined field manually if a score looks off, and expect this parser to need occasional regex updates if Met Office changes their wording"
2026-09-16,2026-09-17,GFZ,,,,,,,,,"GFZ does not forecast flares/protons; Kp forecast is chart-image-only on the public site (no public numeric feed), see https://spaceweather.gfz.de/fileadmin/SW-Monitor/kp_swift_ensemble_LAST.png — read the median/quantile values off the chart and fill in kp_raw manually if you want GFZ included in Kp scoring"
2026-09-17,2026-09-18,NOAA,3.67,Unsettled,R1-R2:5% R3+:1%,C,5,S1+:1%,False,1,"flare_category derived from R-scale (radio blackout) as proxy, not a direct per-class flare probability product"
2026-09-17,2026-09-18,SIDC,,Active,,,,Quiet,False,,scraped from sidc.be forecast box; verify against sidc.be/robots.txt and terms of use before scheduling frequent automated runs
2026-09-17,2026-09-18,MetOffice,,G1,Chance of G1/Minor Geomagnetic Storms Day 1 (17 Sep).,,,"Solar Activity: 
Solar activity is expected to remain Very Low or Low with only a very slight chance of reaching Moderate levels should any isolated Moderate-class flares occur.



Solar Wind / Geomagnetic Activity: 
A moderately-fast Coronal Mass Ejection that left the Sun on 14 Sep may pass ahead of Earth orbit early Day 1 (17 Sep), but may give a glancing impact.&nbsp;


Predominantly Slightly Elevated speeds are expected through the remainder of Day 1 (17 Sep) with a slow, erratic decline thereafter as the high-speed stream eases.


Geomagnetic activity is expected to be mainly Quiet to Unsettled on Day 1 (17 Sep), with a chance of reaching Active (Kp4) or G1/Minor (Kp5) storming levels should any potential Coronal Mass Ejection influence combine with ongoing coronal hole effects. Days 2-4 (18-20 Sep) should see a return to persistently Quiet or Unsettled levels (Kp 1-3).



Energetic Particles / Solar Radiation: 
GOES18 &gt;10MeV proton flux is at background levels and not expected to change significantly during the forecast period.",False,,"prose-parsed; headline covers ~Day 1, summary spans Days 1-4 so this is an approximation — check combined field manually if a score looks off, and expect this parser to need occasional regex updates if Met Office changes their wording"
2026-09-17,2026-09-18,GFZ,,,,,,,,,"GFZ does not forecast flares/protons; Kp forecast is chart-image-only on the public site (no public numeric feed), see https://spaceweather.gfz.de/fileadmin/SW-Monitor/kp_swift_ensemble_LAST.png — read the median/quantile values off the chart and fill in kp_raw manually if you want GFZ included in Kp scoring"
2026-09-18,2026-09-19,NOAA,2.67,Quiet,R1-R2:5% R3+:1%,C,5,S1+:1%,False,1,"flare_category derived from R-scale (radio blackout) as proxy, not a direct per-class flare probability product"
2026-09-18,2026-09-19,SIDC,,Quiet,,,,Quiet,False,,scraped from sidc.be forecast box; verify against sidc.be/robots.txt and terms of use before scheduling frequent automated runs
2026-09-18,2026-09-19,MetOffice,,Unsettled,No significant space weather activity expected.,,,"Solar Activity: 
Solar activity is expected to remain Very Low or Low.



Solar Wind / Geomagnetic Activity: 
Slightly Elevated speeds are expected through Day 1 (18 Sep) with a slow, erratic decline thereafter as the coronal hole fast winds ease.


Geomagnetic activity is expected to be mainly Quiet to Unsettled through the period.



Energetic Particles / Solar Radiation: 
No solar radiation storms are expected through the period.",True,,"prose-parsed; headline covers ~Day 1, summary spans Days 1-4 so this is an approximation — check combined field manually if a score looks off, and expect this parser to need occasional regex updates if Met Office changes their wording"
2026-09-18,2026-09-19,GFZ,,,,,,,,,"GFZ does not forecast flares/protons; Kp forecast is chart-image-only on the public site (no public numeric feed), see https://spaceweather.gfz.de/fileadmin/SW-Monitor/kp_swift_ensemble_LAST.png — read the median/quantile values off the chart and fill in kp_raw manually if you want GFZ included in Kp scoring"
2026-09-19,2026-09-20,NOAA,2.0,Quiet,R1-R2:1% R3+:1%,C,1,S1+:1%,False,1,"flare_category derived from R-scale (radio blackout) as proxy, not a direct per-class flare probability product"
2026-09-19,2026-09-20,SIDC,,Quiet,,,,Quiet,False,,scraped from sidc.be forecast box; verify against sidc.be/robots.txt and terms of use before scheduling frequent automated runs
2026-09-19,2026-09-20,MetOffice,,G1,Increasing Chance of G1/Minor Storm activity on day 4 (22 Sep).,,,"Solar Activity: 
Solar activity is expected to remain Very Low or Low.



Solar Wind / Geomagnetic Activity: 
Solar winds are
 
expected to decline to Slow-Ambient speeds into day 1 (19 Sep). The next enhancement, from CH96/+ in the southeast may arrive towards the end of the forecast period on day 4 (22 Sep), with Slightly Elevated or perhaps Elevated winds developing.


Geomagnetic activity is expected to be mainly Quiet (Kp 0-2), perhaps with isolated Unsettled (Kp 3) periods through days 1-3 (10-21 Sep). Day 4 (22 Sep) may see an increasing chance of Active to G1/Minor Storm periods developing.



Energetic Particles / Solar Radiation: 
No solar radiation storms are expected through the period.",True,,"prose-parsed; headline covers ~Day 1, summary spans Days 1-4 so this is an approximation — check combined field manually if a score looks off, and expect this parser to need occasional regex updates if Met Office changes their wording"
2026-09-19,2026-09-20,GFZ,,,,,,,,,"GFZ does not forecast flares/protons; Kp forecast is chart-image-only on the public site (no public numeric feed), see https://spaceweather.gfz.de/fileadmin/SW-Monitor/kp_swift_ensemble_LAST.png — read the median/quantile values off the chart and fill in kp_raw manually if you want GFZ included in Kp scoring"
2026-09-20,2026-09-21,NOAA,2.0,Quiet,R1-R2:1% R3+:1%,C,1,S1+:1%,False,1,"flare_category derived from R-scale (radio blackout) as proxy, not a direct per-class flare probability product"
2026-09-20,2026-09-21,SIDC,,Quiet,,,,Quiet,False,,scraped from sidc.be forecast box; verify against sidc.be/robots.txt and terms of use before scheduling frequent automated runs
2026-09-20,2026-09-21,MetOffice,,G1,Generally quiet Space Weather conditions then&nbsp;Chance of G1/Minor Geomagnetic Storming on Day 4.,,,"Solar Activity: 
Solar activity is forecast to remain Very Low or Low.



Solar Wind / Geomagnetic Activity: 
No Earth-directed coronal mass ejections CMEs currently feature in the forecast period. Solar winds are expected to decline to Slow-Ambient speeds by day 2 (21 Sep). Thereafter, wind speeds should remain at background until the next fast wind enhancement, which is currently anticipated to occur later on day 4 (23 Sep).


Geomagnetic activity is forecast to be mostly Quiet throughout the start of the period, with a slight chance of isolated Unsettled intervals. From day 4 (23 Sep), due to the onset of fast winds, Active (Kp4) intervals are Likely, with a Chance of G1/Minor Storms (Kp5), especially later in the day.



Energetic Particles / Solar Radiation: 
No solar radiation storms are expected through the period.",False,,"prose-parsed; headline covers ~Day 1, summary spans Days 1-4 so this is an approximation — check combined field manually if a score looks off, and expect this parser to need occasional regex updates if Met Office changes their wording"
2026-09-20,2026-09-21,GFZ,,,,,,,,,"GFZ does not forecast flares/protons; Kp forecast is chart-image-only on the public site (no public numeric feed), see https://spaceweather.gfz.de/fileadmin/SW-Monitor/kp_swift_ensemble_LAST.png — read the median/quantile values off the chart and fill in kp_raw manually if you want GFZ included in Kp scoring"
2026-09-21,2026-09-22,NOAA,2.0,Quiet,R1-R2:5% R3+:1%,C,5,S1+:1%,False,1,"flare_category derived from R-scale (radio blackout) as proxy, not a direct per-class flare probability product"
2026-09-21,2026-09-22,SIDC,,Quiet,,,,Quiet,False,,scraped from sidc.be forecast box; verify against sidc.be/robots.txt and terms of use before scheduling frequent automated runs
2026-09-21,2026-09-22,MetOffice,,G1,"Generally quiet Space Weather conditions initially, then Chance of G1/Minor Geomagnetic Storming on Days 3 and 4.",,,"Solar Activity: 
Solar activity is forecast to remain Low or Very Low, with a Slight Chance of becoming Moderate.



Solar Wind / Geomagnetic Activity: 
No Earth-directed Coronal Mass Ejections currently feature in the forecast period. Solar winds are expected to be largely background speeds until Day 3 (23 Sep). Thereafter, wind speeds should become 500-600km/s from the enhancement of CH96/+, which is currently anticipated to occur either later on Day 3 (23 Sep) or on Day 4 (24 Sep).


Geomagnetic activity is forecast to be mostly Quiet throughout the start of the period, with a slight chance of isolated Unsettled intervals. From later Day 3 (23 Sep) or early Day 4 (24 Sep), due to the onset of coronal hole fast winds, Active (Kp4) intervals are Likely, with a Chance of G1/Minor Storms (Kp5).



Energetic Particles / Solar Radiation: 
GOES18 &gt;10MeV proton flux is expected to remain at background levels.",False,,"prose-parsed; headline covers ~Day 1, summary spans Days 1-4 so this is an approximation — check combined field manually if a score looks off, and expect this parser to need occasional regex updates if Met Office changes their wording"
2026-09-21,2026-09-22,GFZ,,,,,,,,,"GFZ does not forecast flares/protons; Kp forecast is chart-image-only on the public site (no public numeric feed), see https://spaceweather.gfz.de/fileadmin/SW-Monitor/kp_swift_ensemble_LAST.png — read the median/quantile values off the chart and fill in kp_raw manually if you want GFZ included in Kp scoring"
2026-09-22,2026-09-23,NOAA,4.33,Active,R1-R2:10% R3+:1%,C,10,S1+:1%,False,1,"flare_category derived from R-scale (radio blackout) as proxy, not a direct per-class flare probability product"
2026-09-22,2026-09-23,SIDC,,Quiet,,,,Quiet,False,,scraped from sidc.be forecast box; verify against sidc.be/robots.txt and terms of use before scheduling frequent automated runs
2026-09-22,2026-09-23,MetOffice,,G2,"Generally quiet Space Weather conditions initially, then Chance of G1/Minor Geomagnetic Storming on Days 2 and 3.",,,"Solar Activity: 
Solar activity is forecast to remain Low or Very Low, with a Slight Chance of becoming Moderate.



Solar Wind / Geomagnetic Activity: 
No Earth-directed Coronal Mass Ejections currently feature in the forecast period. Solar winds are expected to be largely background speeds until later Day 2 (23 Sep). Thereafter, wind speeds should become 500-600km/s from the enhancement of CH96/+, which is currently anticipated to occur either later on Day 2 (23 Sep) or on Day 3 (24 Sep).


Geomagnetic activity is forecast to be mostly Quiet throughout the start of the period, with a slight chance of isolated Unsettled intervals. From later Day 2 (23 Sep) or early Day 3 (24 Sep), due to the onset of coronal hole fast winds, Active (Kp4) intervals are Likely, with a Chance of G1/Minor Storms (Kp5) or G2/Moderate storms.



Energetic Particles / Solar Radiation: 
GOES18 &gt;10MeV proton flux is expected to remain at background levels.",False,,"prose-parsed; headline covers ~Day 1, summary spans Days 1-4 so this is an approximation — check combined field manually if a score looks off, and expect this parser to need occasional regex updates if Met Office changes their wording"
2026-09-22,2026-09-23,GFZ,,,,,,,,,"GFZ does not forecast flares/protons; Kp forecast is chart-image-only on the public site (no public numeric feed), see https://spaceweather.gfz.de/fileadmin/SW-Monitor/kp_swift_ensemble_LAST.png — read the median/quantile values off the chart and fill in kp_raw manually if you want GFZ included in Kp scoring"
2026-09-23,2026-09-24,NOAA,5.33,G1,R1-R2:20% R3+:1%,C,20,S1+:1%,False,1,"flare_category derived from R-scale (radio blackout) as proxy, not a direct per-class flare probability product"
2026-09-23,2026-09-24,SIDC,,Active,,,,Quiet,False,,scraped from sidc.be forecast box; verify against sidc.be/robots.txt and terms of use before scheduling frequent automated runs
2026-09-23,2026-09-24,MetOffice,,G2,"Generally quiet Space Weather conditions initially, then Chance of G1/Minor Geomagnetic Storming on Days 1 and 2.",,,"Solar Activity: 
Solar activity is expected to be Low or Very Low, with a Chance of becoming Moderate should any isolated Moderate-class flares occur.



Solar Wind / Geomagnetic Activity: 
No Earth-directed Coronal Mass Ejections currently feature in the forecast period.


Solar winds are expected to be largely Slow-Ambient until later on Day 1 (23 Sep) or Day 2 (24 Sep) until the next enhancement from a coronal hole arrives. This could result in Elevated solar winds of around 500km/s, similar to the previous rotation. Solar winds should slowly decline from Day 3 (25 Sep).


Geomagnetic activity will likely start as Quiet to Unsettled (Kp 1-3) until connection to coronal hole fast winds late on Day 1 or Day 2 (23-24 Sep). Once in the high speed stream Active intervals (Kp 4) are likely, with a chance of G1/Minor storms (Kp 5) and a slight chance of G2/Moderate storm (Kp 6) intervals. This is most likely Day 1 or 2 (23-24 Sep) , though a chance of isolated G1/Minor storms may continue into Day 3 (25 Sep), but reduces further after this.



Energetic Particles / Solar Radiation: 
GOES18 &gt;10MeV proton flux is expected to remain at background levels.",False,,"prose-parsed; headline covers ~Day 1, summary spans Days 1-4 so this is an approximation — check combined field manually if a score looks off, and expect this parser to need occasional regex updates if Met Office changes their wording"
2026-09-23,2026-09-24,GFZ,,,,,,,,,"GFZ does not forecast flares/protons; Kp forecast is chart-image-only on the public site (no public numeric feed), see https://spaceweather.gfz.de/fileadmin/SW-Monitor/kp_swift_ensemble_LAST.png — read the median/quantile values off the chart and fill in kp_raw manually if you want GFZ included in Kp scoring"
